ID,Sequence,prediction,prediction_hem,length,dist_Training,NN_Training,dist_Test,NN_Test,dist_Training_,NN_Training_,dist_Test_,NN_Test_,map_dist_Training,map_NN_Training,map_dist_Test,map_NN_Test,fraction_PredHelical,HydroMoment,SMILES,MAP4,JD
pdga_11705,KWNNILKDVIKIVK,0.995739758014679,0.9999885559082031,14,7,KNWGAILKHIIK,7,KNWGKILKHIIK,6,KNWKKILKKIIKVVK,7,KNWGKILKHIIK,0.4697265625,VNWKKILGKIIKVVK,0.578125,WKKILSKIKKLLK,0.8571428571428571,0.4428838442305848,CC[C@H](C)[C@H](NC(=O)[C@H](CC(N)=O)NC(=O)[C@H](CC(N)=O)NC(=O)[C@H](Cc1c[nH]c2ccccc12)NC(=O)[C@@H](N)CCCCN)C(=O)N[C@@H](CC(C)C)C(=O)N[C@@H](CCCCN)C(=O)N[C@@H](CC(=O)O)C(=O)N[C@H](C(=O)N[C@H](C(=O)N[C@@H](CCCCN)C(=O)N[C@H](C(=O)N[C@H](C(=O)N[C@@H](CCCCN)C(=O)O)C(C)C)[C@@H](C)CC)[C@@H](C)CC)C(C)C,[ 959134  175289   99402 ...  696992  586471 2207646],0.39
pdga_14251,KWNNILGKLRKIVK,0.9920704960823059,0.9999885559082031,14,7,VNWKKILGKIIKVVK,8,KWKLFKKI,6,KNWKKILGKIIKVVK,7,VNWKKLLGKLLKVVK,0.4609375,VNWKKILGKIIKVVK,0.6064453125,WKKILSKIKKLLK,0.8571428571428571,0.3809201769632279,CC[C@H](C)[C@H](NC(=O)[C@H](CC(N)=O)NC(=O)[C@H](CC(N)=O)NC(=O)[C@H](Cc1c[nH]c2ccccc12)NC(=O)[C@@H](N)CCCCN)C(=O)N[C@@H](CC(C)C)C(=O)NCC(=O)N[C@@H](CCCCN)C(=O)N[C@@H](CC(C)C)C(=O)N[C@@H](CCCNC(=N)N)C(=O)N[C@@H](CCCCN)C(=O)N[C@H](C(=O)N[C@H](C(=O)N[C@@H](CCCCN)C(=O)O)C(C)C)[C@@H](C)CC,[ 959134  175289   99402 ...  696992 1382711  280610],0.38299999999999995
pdga_14686,KWNNCLGKLIKIVK,0.9944158792495728,0.9998417496681213,14,7,VNWKKILGKIIKVVK,8,KWKLFKKI,6,KNWKKILGKIIKVVK,7,VNWKKLLGKLLKVVK,0.4384765625,VNWKKILGKIIKVVK,0.6240234375,KNWGKILKHIIK,0.8571428571428571,0.36795525656182043,CC[C@H](C)[C@H](NC(=O)[C@H](CC(C)C)NC(=O)[C@H](CCCCN)NC(=O)CNC(=O)[C@H](CC(C)C)NC(=O)[C@H](CS)NC(=O)[C@H](CC(N)=O)NC(=O)[C@H](CC(N)=O)NC(=O)[C@H](Cc1c[nH]c2ccccc12)NC(=O)[C@@H](N)CCCCN)C(=O)N[C@@H](CCCCN)C(=O)N[C@H](C(=O)N[C@H](C(=O)N[C@@H](CCCCN)C(=O)O)C(C)C)[C@@H](C)CC,[ 959134  198071   99402 ...  696992  586471 1054132],0.37200000000000005
pdga_15243,KWNNILGKKIAKIVK,0.9944837093353271,1.0,15,7,VNWKKILGKIIKVVK,8,KNWGKILKHIIK,6,KNWKKILGKIIKVVK,7,KWKLFKKILKVL,0.4736328125,VNWKKILGKIIKVVK,0.6064453125,KWFKIQLQIKKWKNKK,0.8666666666666667,0.3715761082607732,CC[C@H](C)[C@H](NC(=O)[C@H](CCCCN)NC(=O)[C@H](CCCCN)NC(=O)CNC(=O)[C@H](CC(C)C)NC(=O)[C@@H](NC(=O)[C@H](CC(N)=O)NC(=O)[C@H](CC(N)=O)NC(=O)[C@H](Cc1c[nH]c2ccccc12)NC(=O)[C@@H](N)CCCCN)[C@@H](C)CC)C(=O)N[C@@H](C)C(=O)N[C@@H](CCCCN)C(=O)N[C@H](C(=O)N[C@H](C(=O)N[C@@H](CCCCN)C(=O)O)C(C)C)[C@@H](C)CC,[ 341943  721103   99402 ...  696992  356855 1645570],0.41
pdga_17978,KWNNILGKLGKLAR,0.9949352145195007,0.9999995231628418,14,7,KWKKLLKKLLKLL,8,GIHDILKYGKPA,7,GKWSKILGKLIR,7,KGIVGMLGKLF,0.580078125,VNWKKILGKIIKVVK,0.6171875,ALWKNMLKGIGKLAGK,0.8571428571428571,0.3826143067321852,CC[C@H](C)[C@H](NC(=O)[C@H](CC(N)=O)NC(=O)[C@H](CC(N)=O)NC(=O)[C@H](Cc1c[nH]c2ccccc12)NC(=O)[C@@H](N)CCCCN)C(=O)N[C@@H](CC(C)C)C(=O)NCC(=O)N[C@@H](CCCCN)C(=O)N[C@@H](CC(C)C)C(=O)NCC(=O)N[C@@H](CCCCN)C(=O)N[C@@H](CC(C)C)C(=O)N[C@@H](C)C(=O)N[C@@H](CCCNC(=N)N)C(=O)O,[ 959134  175289   99402 ...  696992  764343 1138370],0.486
pdga_21911,KWNNILKKIVK,0.9952467679977417,1.0,11,5,KNWGAILKHIIK,5,KNWGKILKHIIK,5,GKWMSLLKKILK,5,KNWGKILKHIIK,0.484375,LNWGAILKKIIK,0.5283203125,WKKILSKIKKLLK,0.8181818181818182,0.490357713502614,CC[C@H](C)[C@H](NC(=O)[C@H](CC(N)=O)NC(=O)[C@H](CC(N)=O)NC(=O)[C@H](Cc1c[nH]c2ccccc12)NC(=O)[C@@H](N)CCCCN)C(=O)N[C@@H](CC(C)C)C(=O)N[C@@H](CCCCN)C(=O)N[C@@H](CCCCN)C(=O)N[C@H](C(=O)N[C@H](C(=O)N[C@@H](CCCCN)C(=O)O)C(C)C)[C@@H](C)CC,[ 959134  721103   99402 ...  696992 1382711 2068298],0.45299999999999996
pdga_27701,KDGWKKIIKLVK,0.9932457804679871,0.9999570846557617,12,6,KKLFKKILKVL,6,KLWKKWKKWLK,5,ILGKIIKVVK,5,GKIIKVVK,0.5390625,IKKIWSKIKKLLK,0.546875,WKKIWSKIKKLLK,0.8333333333333334,0.4862902262695454,CC[C@H](C)[C@H](NC(=O)[C@H](CCCCN)NC(=O)[C@H](CCCCN)NC(=O)[C@H](Cc1c[nH]c2ccccc12)NC(=O)CNC(=O)[C@H](CC(=O)O)NC(=O)[C@@H](N)CCCCN)C(=O)N[C@H](C(=O)N[C@@H](CCCCN)C(=O)N[C@@H](CC(C)C)C(=O)N[C@H](C(=O)N[C@@H](CCCCN)C(=O)O)C(C)C)[C@@H](C)CC,[ 959134  354556   59082 ...  696992 1370695 2207646],0.546
pdga_37088,KNWKKIIKKVVK,0.9951905012130737,0.9999995231628418,12,5,KLWKKWKKWKK,5,KLWKKWKKWLK,4,VNWKKILGKIKKVVK,5,GKIIKVVK,0.4345703125,KNWKAILKHIIK,0.490234375,KNWGKILKHIIK,0.8333333333333334,0.5631314295479489,CC[C@H](C)[C@H](NC(=O)[C@H](CCCCN)NC(=O)[C@H](CCCCN)NC(=O)[C@H](Cc1c[nH]c2ccccc12)NC(=O)[C@H](CC(N)=O)NC(=O)[C@@H](N)CCCCN)C(=O)N[C@H](C(=O)N[C@@H](CCCCN)C(=O)N[C@@H](CCCCN)C(=O)N[C@H](C(=O)N[C@H](C(=O)N[C@@H](CCCCN)C(=O)O)C(C)C)C(C)C)[C@@H](C)CC,[ 959134  721103   99402 ...  696992 1382711 2068298],0.439
pdga_38922,NWKKILGKLIDCFG,0.999845027923584,0.9998493194580078,14,6,VNWKKILGKIIKVVK,8,KNWGKILKHIIK,6,GMWKKILGKLIR,6,VNWKKILGKIIKVAK,0.5341796875,VNWKKILGKIIKVVK,0.654296875,WKKILSKIKKLLK,0.8571428571428571,0.3564552609485225,CC[C@H](C)[C@H](NC(=O)[C@H](CCCCN)NC(=O)[C@H](CCCCN)NC(=O)[C@H](Cc1c[nH]c2ccccc12)NC(=O)[C@@H](N)CC(N)=O)C(=O)N[C@@H](CC(C)C)C(=O)NCC(=O)N[C@@H](CCCCN)C(=O)N[C@@H](CC(C)C)C(=O)N[C@H](C(=O)N[C@@H](CC(=O)O)C(=O)N[C@@H](CS)C(=O)N[C@@H](Cc1ccccc1)C(=O)NCC(=O)O)[C@@H](C)CC,[ 959134  175289   59082 ...  696992  586471 1645570],0.499
pdga_45100,ANWKKIIKKVVK,0.9937248229980469,1.0,12,5,VNWKKILGKIIKVVK,6,KLWKKWKKWLK,4,VNWKKILGKIKKVVK,5,GKIIKVVK,0.4619140625,KNWKAILKHIIK,0.537109375,KNWGKILKHIIK,0.8333333333333334,0.4588694161660549,CC[C@H](C)[C@H](NC(=O)[C@H](CCCCN)NC(=O)[C@H](CCCCN)NC(=O)[C@H](Cc1c[nH]c2ccccc12)NC(=O)[C@H](CC(N)=O)NC(=O)[C@H](C)N)C(=O)N[C@H](C(=O)N[C@@H](CCCCN)C(=O)N[C@@H](CCCCN)C(=O)N[C@H](C(=O)N[C@H](C(=O)N[C@@H](CCCCN)C(=O)O)C(C)C)C(C)C)[C@@H](C)CC,[ 959134  721103   99402 ...  696992 1382711 2068298],0.475
pdga_49007,NPKVFLKKIIKVVK,0.992570698261261,0.9999761581420898,14,5,VNWKKILGKIIKVVK,7,RWKIFKKIEKVG,4,VNWKKILKKIIKVVK,5,VNWKKILKKIIKVAK,0.54296875,VNWKKILGKIIKVVK,0.572265625,FFKLIPKLVKKLIKAFK,0.8571428571428571,0.3636791665276026,CC[C@H](C)[C@H](NC(=O)[C@H](CCCCN)NC(=O)[C@H](CCCCN)NC(=O)[C@H](CC(C)C)NC(=O)[C@H](Cc1ccccc1)NC(=O)[C@@H](NC(=O)[C@H](CCCCN)NC(=O)[C@@H]1CCCN1C(=O)[C@@H](N)CC(N)=O)C(C)C)C(=O)N[C@H](C(=O)N[C@@H](CCCCN)C(=O)N[C@H](C(=O)N[C@H](C(=O)N[C@@H](CCCCN)C(=O)O)C(C)C)C(C)C)[C@@H](C)CC,[959134 721103  99402 ... 696992 356855 489750],0.528
pdga_49562,VNWKKKLKKIVK,0.9938870668411255,0.9998717308044434,12,5,LNWGAKLKHIIK,5,KNWGKILKHIIK,4,VNWKKVLKKIIKVAK,4,VNWKKILKKIIKVAK,0.46484375,KNWKAILKHIIK,0.533203125,KNWGKILKHIIK,0.8333333333333334,0.3947712724987102,CC[C@H](C)[C@H](NC(=O)[C@H](CCCCN)NC(=O)[C@H](CCCCN)NC(=O)[C@H](CC(C)C)NC(=O)[C@H](CCCCN)NC(=O)[C@H](CCCCN)NC(=O)[C@H](CCCCN)NC(=O)[C@H](Cc1c[nH]c2ccccc12)NC(=O)[C@H](CC(N)=O)NC(=O)[C@@H](N)C(C)C)C(=O)N[C@H](C(=O)N[C@@H](CCCCN)C(=O)O)C(C)C,[ 959134  721103   99402 ...  696992 1382711 2068298],0.413
pdga_51818,ANWKKWIGKVIKLVK,0.9982300996780396,0.9999021887779236,15,5,VNWKKILGKIIKVVK,8,KLWKKWKKWLK,5,VNWKKILGKIIKVVK,5,VNWKKVLGKVVKVVK,0.37890625,VNWKKILGKIIKVVK,0.53125,WKKIWSKIKKLLK,0.8666666666666667,0.3696725200027556,CC[C@H](C)[C@H](NC(=O)[C@H](Cc1c[nH]c2ccccc12)NC(=O)[C@H](CCCCN)NC(=O)[C@H](CCCCN)NC(=O)[C@H](Cc1c[nH]c2ccccc12)NC(=O)[C@H](CC(N)=O)NC(=O)[C@H](C)N)C(=O)NCC(=O)N[C@@H](CCCCN)C(=O)N[C@H](C(=O)N[C@H](C(=O)N[C@@H](CCCCN)C(=O)N[C@@H](CC(C)C)C(=O)N[C@H](C(=O)N[C@@H](CCCCN)C(=O)O)C(C)C)[C@@H](C)CC)C(C)C,[ 959134  175289   99402 ...  696992  586471 1284830],0.355
pdga_68859,VNWCKKIKKVIKIVK,0.9982365369796753,0.9999995231628418,15,5,VNWKKILGKIIKVVK,7,LNWGAIKKHIIK,4,VNWKKILKKIIKVVK,5,VNWKKILKKIIKVAK,0.447265625,VNWKKILGKIIKVVK,0.6103515625,WKKIWSKIKKLLK,0.8666666666666667,0.37767743085829814,CC[C@H](C)[C@H](NC(=O)[C@H](CCCCN)NC(=O)[C@H](CCCCN)NC(=O)[C@H](CS)NC(=O)[C@H](Cc1c[nH]c2ccccc12)NC(=O)[C@H](CC(N)=O)NC(=O)[C@@H](N)C(C)C)C(=O)N[C@@H](CCCCN)C(=O)N[C@@H](CCCCN)C(=O)N[C@H](C(=O)N[C@H](C(=O)N[C@@H](CCCCN)C(=O)N[C@H](C(=O)N[C@H](C(=O)N[C@@H](CCCCN)C(=O)O)C(C)C)[C@@H](C)CC)[C@@H](C)CC)C(C)C,[ 959134  175289   99402 ...  696992  586471 2207646],0.39799999999999996
pdga_77775,DNWKKIIKVIK,0.9942646026611328,0.9999327659606934,11,5,LNWKAILKHIIK,5,KNWGKILKHIIK,5,ILGKIIKVVK,5,GKIIKVVK,0.5498046875,KNWKAILKHIIK,0.578125,KNWGKILKHIIK,0.8181818181818182,0.48186893735488107,CC[C@H](C)[C@H](NC(=O)[C@H](CCCCN)NC(=O)[C@H](CCCCN)NC(=O)[C@H](Cc1c[nH]c2ccccc12)NC(=O)[C@H](CC(N)=O)NC(=O)[C@@H](N)CC(=O)O)C(=O)N[C@H](C(=O)N[C@@H](CCCCN)C(=O)N[C@H](C(=O)N[C@H](C(=O)N[C@@H](CCCCN)C(=O)O)[C@@H](C)CC)C(C)C)[C@@H](C)CC,[ 959134  354556   59082 ...  696992 1370695 2207646],0.5589999999999999
pdga_80634,ANWKKIKKIVKIVK,0.9983088970184326,1.0,14,5,VNWKKILGKIIKVVK,7,LNWGAIKKHIIK,4,VNWKKILKKIIKVVK,5,VNWKKILKKIIKVAK,0.546875,WKLFKKILKVL,0.560546875,INWKKIKSIIKAAMN,0.8571428571428571,0.3462310183388369,CC[C@H](C)[C@H](NC(=O)[C@H](CCCCN)NC(=O)[C@H](CCCCN)NC(=O)[C@H](Cc1c[nH]c2ccccc12)NC(=O)[C@H](CC(N)=O)NC(=O)[C@H](C)N)C(=O)N[C@@H](CCCCN)C(=O)N[C@@H](CCCCN)C(=O)N[C@H](C(=O)N[C@H](C(=O)N[C@@H](CCCCN)C(=O)N[C@H](C(=O)N[C@H](C(=O)N[C@@H](CCCCN)C(=O)O)C(C)C)[C@@H](C)CC)C(C)C)[C@@H](C)CC,[ 959134  175289   99402 ...  696992  356855 2068298],0.46799999999999997
pdga_82996,ANWKKKIIKVIK,0.9947255849838257,0.9999985694885254,12,5,VNWKKILGKIIKVVK,6,KNWGKILKHIIK,5,VNWKKVLGKIIKVAK,5,VNWKKVLAKIIKVAK,0.50390625,KNWKAILKHIIK,0.5830078125,KNWGKILKHIIK,0.8333333333333334,0.38856957366361317,CC[C@H](C)[C@H](NC(=O)[C@H](CCCCN)NC(=O)[C@H](CCCCN)NC(=O)[C@H](CCCCN)NC(=O)[C@H](Cc1c[nH]c2ccccc12)NC(=O)[C@H](CC(N)=O)NC(=O)[C@H](C)N)C(=O)N[C@H](C(=O)N[C@@H](CCCCN)C(=O)N[C@H](C(=O)N[C@H](C(=O)N[C@@H](CCCCN)C(=O)O)[C@@H](C)CC)C(C)C)[C@@H](C)CC,[ 959134  721103   99402 ...  696992  586471 2207646],0.473
pdga_85737,ANWKKIEKVIKVIK,0.9947602152824402,0.9999985694885254,14,5,VNWKKILGKIIKVVK,6,KNWGKILKHIIK,5,VNWKKILAKIIKVAK,5,VNWKKILGKIIKVAK,0.55078125,VNWKKILGKIIKVVK,0.59375,INWKKIKSIIKAAMN,0.8571428571428571,0.3377042786209222,CC[C@H](C)[C@H](NC(=O)[C@H](CCCCN)NC(=O)[C@H](CCCCN)NC(=O)[C@H](Cc1c[nH]c2ccccc12)NC(=O)[C@H](CC(N)=O)NC(=O)[C@H](C)N)C(=O)N[C@@H](CCC(=O)O)C(=O)N[C@@H](CCCCN)C(=O)N[C@H](C(=O)N[C@H](C(=O)N[C@@H](CCCCN)C(=O)N[C@H](C(=O)N[C@H](C(=O)N[C@@H](CCCCN)C(=O)O)[C@@H](C)CC)C(C)C)[C@@H](C)CC)C(C)C,[ 959134  175289   99402 ...  696992  356855 1689840],0.5
pdga_88836,KNWKKIKKIVKIVK,0.9985567331314087,0.9999923706054688,14,5,VNWKKILGKIIKVVK,6,KKWKKWKKWKK,3,KNWKKILKKIIKVVK,5,VNWKKILKKIIKVAK,0.552734375,WKLFKKILKVL,0.5693359375,INWKKIKSIIKAAMN,0.8571428571428571,0.39182311888087,CC[C@H](C)[C@H](NC(=O)[C@H](CCCCN)NC(=O)[C@H](CCCCN)NC(=O)[C@H](Cc1c[nH]c2ccccc12)NC(=O)[C@H](CC(N)=O)NC(=O)[C@@H](N)CCCCN)C(=O)N[C@@H](CCCCN)C(=O)N[C@@H](CCCCN)C(=O)N[C@H](C(=O)N[C@H](C(=O)N[C@@H](CCCCN)C(=O)N[C@H](C(=O)N[C@H](C(=O)N[C@@H](CCCCN)C(=O)O)C(C)C)[C@@H](C)CC)C(C)C)[C@@H](C)CC,[ 959134  175289   99402 ...  696992  356855 2068298],0.45399999999999996
pdga_101574,VNHWKKIIKVIK,0.9963346123695374,0.9999923706054688,12,6,LNWKAILKHIIK,6,KNWGKILKHIIK,6,ILGKIIKVVK,5,VNWKKILGKI,0.5458984375,KNWKAILKHIIK,0.564453125,KNWGKILKHIIK,0.8333333333333334,0.4407804520306238,CC[C@H](C)[C@H](NC(=O)[C@H](CCCCN)NC(=O)[C@H](CCCCN)NC(=O)[C@H](Cc1c[nH]c2ccccc12)NC(=O)[C@H](Cc1c[nH]cn1)NC(=O)[C@H](CC(N)=O)NC(=O)[C@@H](N)C(C)C)C(=O)N[C@H](C(=O)N[C@@H](CCCCN)C(=O)N[C@H](C(=O)N[C@H](C(=O)N[C@@H](CCCCN)C(=O)O)[C@@H](C)CC)C(C)C)[C@@H](C)CC,[ 959134  756812   99402 ...  696992 1382711 2207646],0.551
pdga_113690,SNNWKKKIVKIVK,0.9935120344161987,1.0,13,7,LNWKAILKHIIK,7,KNWGKILKHIIK,7,VKKKKKKFVKFV,7,VNWKKVLGKVVKVVK,0.537109375,IKKWLSKIKKLLK,0.5703125,WKKIWSKIKKLLK,0.8461538461538461,0.37547368692382965,CC[C@H](C)[C@H](NC(=O)[C@H](CCCCN)NC(=O)[C@@H](NC(=O)[C@@H](NC(=O)[C@H](CCCCN)NC(=O)[C@H](CCCCN)NC(=O)[C@H](CCCCN)NC(=O)[C@H](Cc1c[nH]c2ccccc12)NC(=O)[C@H](CC(N)=O)NC(=O)[C@H](CC(N)=O)NC(=O)[C@@H](N)CO)[C@@H](C)CC)C(C)C)C(=O)N[C@H](C(=O)N[C@@H](CCCCN)C(=O)O)C(C)C,[ 959134  258185   99402 ...  696992 1382711 2068298],0.493
pdga_117688,KNWKKIGKKIVKIVK,0.9986697435379028,0.9999799728393555,15,5,VNWKKILGKIIKVVK,6,KNWGKILKHIIK,3,KNWKKILKKIIKVVK,5,VNWKKILKKIIKVAK,0.396484375,VNWKKILGKIIKVVK,0.5595703125,KWKKFKKIGAVLKKL,0.8666666666666667,0.5283420873955182,CC[C@H](C)[C@H](NC(=O)[C@H](CCCCN)NC(=O)[C@H](CCCCN)NC(=O)[C@H](Cc1c[nH]c2ccccc12)NC(=O)[C@H](CC(N)=O)NC(=O)[C@@H](N)CCCCN)C(=O)NCC(=O)N[C@@H](CCCCN)C(=O)N[C@@H](CCCCN)C(=O)N[C@H](C(=O)N[C@H](C(=O)N[C@@H](CCCCN)C(=O)N[C@H](C(=O)N[C@H](C(=O)N[C@@H](CCCCN)C(=O)O)C(C)C)[C@@H](C)CC)C(C)C)[C@@H](C)CC,[ 959134  175289   99402 ...  696992  356855 2068298],0.308
pdga_120430,NWKKILGKVCDLT,0.9975941181182861,0.9999479651451111,13,7,VNWKKILGKIIKVVK,7,WKKILSKIKKLLK,5,INWKKIFEKVKDLV,6,IDWKKIFEKVKDLV,0.5751953125,VNWKKILGKIIKVVK,0.6201171875,WKKILSKIKKLLK,0.8461538461538461,0.31244065223061657,CC[C@H](C)[C@H](NC(=O)[C@H](CCCCN)NC(=O)[C@H](CCCCN)NC(=O)[C@H](Cc1c[nH]c2ccccc12)NC(=O)[C@@H](N)CC(N)=O)C(=O)N[C@@H](CC(C)C)C(=O)NCC(=O)N[C@@H](CCCCN)C(=O)N[C@H](C(=O)N[C@@H](CS)C(=O)N[C@@H](CC(=O)O)C(=O)N[C@@H](CC(C)C)C(=O)N[C@H](C(=O)O)[C@@H](C)O)C(C)C,[ 959134  544407   99402 ...  696992 1370695 1400442],0.5429999999999999
pdga_122204,NWKKILGKCIE,0.9954548478126526,0.9999904632568359,11,6,LNWKAILKHIIK,6,KWKLFKKI,4,GMWKKILGKLIR,3,VNWKKILGKI,0.509765625,VNWKKILGKIIKVVK,0.6025390625,KNWGKILKHIIK,0.8181818181818182,0.3584229040676278,CC[C@H](C)[C@H](NC(=O)[C@H](CCCCN)NC(=O)[C@H](CCCCN)NC(=O)[C@H](Cc1c[nH]c2ccccc12)NC(=O)[C@@H](N)CC(N)=O)C(=O)N[C@@H](CC(C)C)C(=O)NCC(=O)N[C@@H](CCCCN)C(=O)N[C@@H](CS)C(=O)N[C@H](C(=O)N[C@@H](CCC(=O)O)C(=O)O)[C@@H](C)CC,[ 959134  721103   99402 ...  696992  586471 1645570],0.49200000000000005
pdga_133916,NWKKILGKIGDAIEA,0.9976963996887207,0.9999333024024963,15,7,VNWKKILGKIIKVVK,8,WKKILSKIKKLLK,7,IKKIIKIGIGIA,7,VNWKKILGKIIKVAK,0.5283203125,VNWKKILGKIIKVVK,0.63671875,WKKILSKIKKLLK,0.8666666666666667,0.34578859025639463,CC[C@H](C)[C@H](NC(=O)[C@H](C)NC(=O)[C@H](CC(=O)O)NC(=O)CNC(=O)[C@@H](NC(=O)[C@H](CCCCN)NC(=O)CNC(=O)[C@H](CC(C)C)NC(=O)[C@@H](NC(=O)[C@H](CCCCN)NC(=O)[C@H](CCCCN)NC(=O)[C@H](Cc1c[nH]c2ccccc12)NC(=O)[C@@H](N)CC(N)=O)[C@@H](C)CC)[C@@H](C)CC)C(=O)N[C@@H](CCC(=O)O)C(=O)N[C@@H](C)C(=O)O,[ 959134  544407   99402 ...  696992 1370695 1402690],0.495
pdga_138478,NNWKKIDKVIKIVK,0.997385561466217,0.9999933242797852,14,5,VNWKKILGKIIKVVK,6,KNWGKILKHIIK,5,VNWKKILGKIIKVVK,6,VNWKKVLGKVVKVVK,0.5302734375,VNWKKILGKIIKVVK,0.5927734375,INWKKIKSIIKAAMN,0.8571428571428571,0.36003727574180144,CC[C@H](C)[C@H](NC(=O)[C@H](CCCCN)NC(=O)[C@H](CCCCN)NC(=O)[C@H](Cc1c[nH]c2ccccc12)NC(=O)[C@H](CC(N)=O)NC(=O)[C@@H](N)CC(N)=O)C(=O)N[C@@H](CC(=O)O)C(=O)N[C@@H](CCCCN)C(=O)N[C@H](C(=O)N[C@H](C(=O)N[C@@H](CCCCN)C(=O)N[C@H](C(=O)N[C@H](C(=O)N[C@@H](CCCCN)C(=O)O)C(C)C)[C@@H](C)CC)[C@@H](C)CC)C(C)C,[ 959134  175289   99402 ...  696992  356855 2068298],0.47
pdga_139776,KNWKKIGKKVIKIVK,0.9982789158821106,0.9999699592590332,15,5,VNWKKILGKIIKVVK,6,KNWGKILKHIIK,3,KNWKKILKKIIKVVK,5,VNWKKILKKIIKVAK,0.40234375,VNWKKILGKIIKVVK,0.55078125,KNWGKILKHIIK,0.8666666666666667,0.5150053073085118,CC[C@H](C)[C@H](NC(=O)[C@H](CCCCN)NC(=O)[C@H](CCCCN)NC(=O)[C@H](Cc1c[nH]c2ccccc12)NC(=O)[C@H](CC(N)=O)NC(=O)[C@@H](N)CCCCN)C(=O)NCC(=O)N[C@@H](CCCCN)C(=O)N[C@@H](CCCCN)C(=O)N[C@H](C(=O)N[C@H](C(=O)N[C@@H](CCCCN)C(=O)N[C@H](C(=O)N[C@H](C(=O)N[C@@H](CCCCN)C(=O)O)C(C)C)[C@@H](C)CC)[C@@H](C)CC)C(C)C,[ 959134  175289   99402 ...  696992  356855 2207646],0.311
pdga_140733,NNDWKKKIVKIVK,0.9947749376296997,1.0,13,7,LNWKAILKHIIK,7,KNWGKILKHIIK,7,VKKKKKKFVKFV,7,VNWKKVLGKVVKVVK,0.5498046875,IKKWLSKIKKLLK,0.583984375,WKKIWSKIKKLLK,0.8461538461538461,0.35414894147244247,CC[C@H](C)[C@H](NC(=O)[C@H](CCCCN)NC(=O)[C@@H](NC(=O)[C@@H](NC(=O)[C@H](CCCCN)NC(=O)[C@H](CCCCN)NC(=O)[C@H](CCCCN)NC(=O)[C@H](Cc1c[nH]c2ccccc12)NC(=O)[C@H](CC(=O)O)NC(=O)[C@H](CC(N)=O)NC(=O)[C@@H](N)CC(N)=O)[C@@H](C)CC)C(C)C)C(=O)N[C@H](C(=O)N[C@@H](CCCCN)C(=O)O)C(C)C,[ 959134  354556   99402 ...  696992  356855 2068298],0.514
pdga_143659,VNRWKKIVKIVK,0.9923215508460999,0.999875545501709,12,6,LNWKAILKHIIK,6,KNWGKILKHIIK,6,LNWKAILKHIIK,5,VNWKKILGKI,0.5693359375,RWKIFKKVVKKW,0.5419921875,RWKRIVVIRKRR,0.8333333333333334,0.38572214963185925,CC[C@H](C)[C@H](NC(=O)[C@H](CCCCN)NC(=O)[C@@H](NC(=O)[C@@H](NC(=O)[C@H](CCCCN)NC(=O)[C@H](CCCCN)NC(=O)[C@H](Cc1c[nH]c2ccccc12)NC(=O)[C@H](CCCNC(=N)N)NC(=O)[C@H](CC(N)=O)NC(=O)[C@@H](N)C(C)C)[C@@H](C)CC)C(C)C)C(=O)N[C@H](C(=O)N[C@@H](CCCCN)C(=O)O)C(C)C,[ 959134  756812   21952 ...  696992 1382711  280610],0.5579999999999999
pdga_143782,VVNNWKKKIVKIVK,0.9945740699768066,1.0,14,7,VNWKKILGKIIKVVK,8,KNWGKILKHIIK,7,VKKKKKKFVKFV,7,VNWKKVLGKVVKVVK,0.517578125,VNWKKILGKIIKVVK,0.576171875,WKKIWSKIKKLLK,0.8571428571428571,0.4113371557252083,CC[C@H](C)[C@H](NC(=O)[C@H](CCCCN)NC(=O)[C@@H](NC(=O)[C@@H](NC(=O)[C@H](CCCCN)NC(=O)[C@H](CCCCN)NC(=O)[C@H](CCCCN)NC(=O)[C@H](Cc1c[nH]c2ccccc12)NC(=O)[C@H](CC(N)=O)NC(=O)[C@H](CC(N)=O)NC(=O)[C@@H](NC(=O)[C@@H](N)C(C)C)C(C)C)[C@@H](C)CC)C(C)C)C(=O)N[C@H](C(=O)N[C@@H](CCCCN)C(=O)O)C(C)C,[ 959134  721103   99402 ...  696992  557943 2068298],0.426
pdga_143994,KNWKKIKKVIKIVK,0.9991449117660522,0.9999537467956543,14,5,KNWKAILKHIIK,5,KNWGKILKHIIK,3,KNWKKILKKIIKVVK,5,KNWGKILKHIIK,0.515625,VNWKKILGKIIKVVK,0.5625,INWKKIKSIIKAAMN,0.8571428571428571,0.39042831781091225,CC[C@H](C)[C@H](NC(=O)[C@H](CCCCN)NC(=O)[C@H](CCCCN)NC(=O)[C@H](Cc1c[nH]c2ccccc12)NC(=O)[C@H](CC(N)=O)NC(=O)[C@@H](N)CCCCN)C(=O)N[C@@H](CCCCN)C(=O)N[C@@H](CCCCN)C(=O)N[C@H](C(=O)N[C@H](C(=O)N[C@@H](CCCCN)C(=O)N[C@H](C(=O)N[C@H](C(=O)N[C@@H](CCCCN)C(=O)O)C(C)C)[C@@H](C)CC)[C@@H](C)CC)C(C)C,[ 959134  175289   99402 ...  696992  356855 2068298],0.43700000000000006
pdga_144767,KNWKKIKKKIVKIVK,0.9982669949531555,0.9999961256980896,15,5,VNWKKILGKIIKVVK,6,KNWGKILKHIIK,3,KNWKKILKKIIKVVK,5,VNWKKILKKIIKVAK,0.38671875,VNWKKILGKIIKVVK,0.5078125,WKKIWSKIKKLLK,0.8666666666666667,0.48399961011927384,CC[C@H](C)[C@H](NC(=O)[C@H](CCCCN)NC(=O)[C@H](CCCCN)NC(=O)[C@H](Cc1c[nH]c2ccccc12)NC(=O)[C@H](CC(N)=O)NC(=O)[C@@H](N)CCCCN)C(=O)N[C@@H](CCCCN)C(=O)N[C@@H](CCCCN)C(=O)N[C@@H](CCCCN)C(=O)N[C@H](C(=O)N[C@H](C(=O)N[C@@H](CCCCN)C(=O)N[C@H](C(=O)N[C@H](C(=O)N[C@@H](CCCCN)C(=O)O)C(C)C)[C@@H](C)CC)C(C)C)[C@@H](C)CC,[ 959134  175289   99402 ...  696992  356855 2068298],0.322
pdga_145736,NVVGRLGKIVKIVK,0.9974890351295471,1.0,14,7,VNWKKILGKIIKVVK,9,WLGALFKVASK,6,NVWKKILGKIIKVVK,7,VNWKKVLGKVVKVVK,0.6142578125,VNWKKILGKIIKVVK,0.671875,GLLGPLLKIAAKVGKKLL,0.8571428571428571,0.31748289213384423,CC[C@H](C)[C@H](NC(=O)[C@H](CCCCN)NC(=O)[C@@H](NC(=O)[C@@H](NC(=O)[C@H](CCCCN)NC(=O)CNC(=O)[C@H](CC(C)C)NC(=O)[C@H](CCCNC(=N)N)NC(=O)CNC(=O)[C@@H](NC(=O)[C@@H](NC(=O)[C@@H](N)CC(N)=O)C(C)C)C(C)C)[C@@H](C)CC)C(C)C)C(=O)N[C@H](C(=O)N[C@@H](CCCCN)C(=O)O)C(C)C,[ 959134  721103   21952 ...  696992 1382711  280610],0.589
pdga_151271,ADVWKKVIKVIK,0.9976652264595032,0.9999995231628418,12,7,KLWKKWKKWKK,7,KLWKKWKKWLK,5,DVIKKVASVIG,6,KLWKIVVIKVWK,0.5693359375,WKLFKKILKVL,0.6123046875,WKKIWSKIKKLLK,0.8333333333333334,0.4705392897515481,CC[C@H](C)[C@H](NC(=O)[C@@H](NC(=O)[C@H](CCCCN)NC(=O)[C@@H](NC(=O)[C@@H](NC(=O)[C@H](CCCCN)NC(=O)[C@H](CCCCN)NC(=O)[C@H](Cc1c[nH]c2ccccc12)NC(=O)[C@@H](NC(=O)[C@H](CC(=O)O)NC(=O)[C@H](C)N)C(C)C)C(C)C)[C@@H](C)CC)C(C)C)C(=O)N[C@@H](CCCCN)C(=O)O,[ 959134  354556   59082 ...  696992 1370695 2207646],0.5670000000000001
pdga_157071,VNWKKKIIKLVRK,0.9975603818893433,0.9999666810035706,13,5,VNWKKILGKIIKVVK,7,KNWGKILKHIIK,5,VNWKKVLGKIIKVAK,5,VNWKKVLAKIIKVAK,0.5712890625,IKKWLSKIKKLLK,0.5615234375,RWKRIVVIRKRR,0.8461538461538461,0.4268118415132826,CC[C@H](C)[C@H](NC(=O)[C@H](CCCCN)NC(=O)[C@H](CCCCN)NC(=O)[C@H](CCCCN)NC(=O)[C@H](Cc1c[nH]c2ccccc12)NC(=O)[C@H](CC(N)=O)NC(=O)[C@@H](N)C(C)C)C(=O)N[C@H](C(=O)N[C@@H](CCCCN)C(=O)N[C@@H](CC(C)C)C(=O)N[C@H](C(=O)N[C@@H](CCCNC(=N)N)C(=O)N[C@@H](CCCCN)C(=O)O)C(C)C)[C@@H](C)CC,[ 959134  198071   99402 ...  696992 1382711 1297900],0.503
pdga_157148,ARLWKKIIKVVK,0.9927583336830139,0.9999680519104004,12,6,ALWKTLLKKV,6,KLWKKWKKWLK,4,ILGKIIKVVK,5,GKIIKVVK,0.5048828125,KRIVKLIKKWLR,0.53125,KRIVKlILKWLR,0.8333333333333334,0.5544413589188689,CC[C@H](C)[C@H](NC(=O)[C@H](CCCCN)NC(=O)[C@H](CCCCN)NC(=O)[C@H](Cc1c[nH]c2ccccc12)NC(=O)[C@H](CC(C)C)NC(=O)[C@H](CCCNC(=N)N)NC(=O)[C@H](C)N)C(=O)N[C@H](C(=O)N[C@@H](CCCCN)C(=O)N[C@H](C(=O)N[C@H](C(=O)N[C@@H](CCCCN)C(=O)O)C(C)C)C(C)C)[C@@H](C)CC,[ 959134  723302   21952 ...  696992 1382711 2207646],0.5710000000000001
pdga_159911,DNWKKKIIKAVK,0.9965710043907166,0.9999995231628418,12,5,VNWKKILGKIIKVVK,6,INWKKIKSIIKAAMN,5,VNWKKILGKIIKVVK,5,VNWKKVLAKIIKVVK,0.5732421875,IKKWLSKIKKLLK,0.619140625,WKKIWSKIKKLLK,0.8333333333333334,0.4024859533291156,CC[C@H](C)[C@H](NC(=O)[C@H](CCCCN)NC(=O)[C@H](CCCCN)NC(=O)[C@H](CCCCN)NC(=O)[C@H](Cc1c[nH]c2ccccc12)NC(=O)[C@H](CC(N)=O)NC(=O)[C@@H](N)CC(=O)O)C(=O)N[C@H](C(=O)N[C@@H](CCCCN)C(=O)N[C@@H](C)C(=O)N[C@H](C(=O)N[C@@H](CCCCN)C(=O)O)C(C)C)[C@@H](C)CC,[ 959134  721103   59082 ...  696992 1382711 2068298],0.534
pdga_163335,KNWKKIGKIVGKIVK,0.999051570892334,1.0,15,5,VNWKKILGKIIKVVK,7,KIAKKIAKIAKKIA,4,KNWKKILGKIIKVVK,6,INWKKIASIGKEV,0.4765625,VNWKKILGKIIKVVK,0.5556640625,KWKKFKKIGAVLKKL,0.8666666666666667,0.5045381635460988,CC[C@H](C)[C@H](NC(=O)[C@H](CCCCN)NC(=O)[C@H](CCCCN)NC(=O)[C@H](Cc1c[nH]c2ccccc12)NC(=O)[C@H](CC(N)=O)NC(=O)[C@@H](N)CCCCN)C(=O)NCC(=O)N[C@@H](CCCCN)C(=O)N[C@H](C(=O)N[C@H](C(=O)NCC(=O)N[C@@H](CCCCN)C(=O)N[C@H](C(=O)N[C@H](C(=O)N[C@@H](CCCCN)C(=O)O)C(C)C)[C@@H](C)CC)C(C)C)[C@@H](C)CC,[ 959134  175289   99402 ...  696992  356855 1402690],0.368
pdga_166884,NWKKILGKICR,0.9986197352409363,0.9999961256980896,11,6,LNWKAILKHIIK,6,KNWGKILKHIIK,4,GMWKKILGKLIR,3,VNWKKILGKI,0.5439453125,VNWKKILGKIIKVVK,0.6162109375,KNWGKILKHIIK,0.8181818181818182,0.4925631618194793,CC[C@H](C)[C@H](NC(=O)[C@H](CCCCN)NC(=O)[C@H](CCCCN)NC(=O)[C@H](Cc1c[nH]c2ccccc12)NC(=O)[C@@H](N)CC(N)=O)C(=O)N[C@@H](CC(C)C)C(=O)NCC(=O)N[C@@H](CCCCN)C(=O)N[C@H](C(=O)N[C@@H](CS)C(=O)N[C@@H](CCCNC(=N)N)C(=O)O)[C@@H](C)CC,[959134 721103  99402 ... 696992 764343 280610],0.503
pdga_168825,KNWKKIIRKIVK,0.996116578578949,1.0,12,5,KNWKAILKHIIK,5,KNWGKILKHIIK,5,KNWKAILKHIIK,5,KNWGKILKHIIK,0.46875,KNWKAILKHIIK,0.51171875,KNWGKILKHIIK,0.8333333333333334,0.624305824039399,CC[C@H](C)[C@H](NC(=O)[C@H](CCCCN)NC(=O)[C@H](CCCNC(=N)N)NC(=O)[C@@H](NC(=O)[C@@H](NC(=O)[C@H](CCCCN)NC(=O)[C@H](CCCCN)NC(=O)[C@H](Cc1c[nH]c2ccccc12)NC(=O)[C@H](CC(N)=O)NC(=O)[C@@H](N)CCCCN)[C@@H](C)CC)[C@@H](C)CC)C(=O)N[C@H](C(=O)N[C@@H](CCCCN)C(=O)O)C(C)C,[ 959134  721103   99402 ...  696992 1222455   94104],0.47200000000000003
pdga_168849,KNWKKIIGKVIK,0.9952256083488464,0.9999923706054688,12,5,KNWKAILKHIIK,5,KNWGKILKHIIK,5,INWKKIASIGKEVLK,4,VNWKKILGKI,0.39453125,VNWKKILGKIIKVVK,0.4912109375,KNWGKILKHIIK,0.8333333333333334,0.4921777742342153,CC[C@H](C)[C@H](NC(=O)[C@H](CCCCN)NC(=O)[C@H](CCCCN)NC(=O)[C@H](Cc1c[nH]c2ccccc12)NC(=O)[C@H](CC(N)=O)NC(=O)[C@@H](N)CCCCN)C(=O)N[C@H](C(=O)NCC(=O)N[C@@H](CCCCN)C(=O)N[C@H](C(=O)N[C@H](C(=O)N[C@@H](CCCCN)C(=O)O)[C@@H](C)CC)C(C)C)[C@@H](C)CC,[ 959134  721103   99402 ...  696992  586471 1402690],0.374
pdga_172108,KNWKKKIVKVIK,0.9961718916893005,0.9999713897705078,12,5,KNWKAILKHIIK,5,KNWGKILKHIIK,5,KNWKAILKHIIK,5,KNWGKILKHIIK,0.46484375,KNWKAILKHIIK,0.533203125,KNWGKILKHIIK,0.8333333333333334,0.45025358969720797,CC[C@H](C)[C@H](NC(=O)[C@H](CCCCN)NC(=O)[C@H](CCCCN)NC(=O)[C@H](CCCCN)NC(=O)[C@H](Cc1c[nH]c2ccccc12)NC(=O)[C@H](CC(N)=O)NC(=O)[C@@H](N)CCCCN)C(=O)N[C@H](C(=O)N[C@@H](CCCCN)C(=O)N[C@H](C(=O)N[C@H](C(=O)N[C@@H](CCCCN)C(=O)O)[C@@H](C)CC)C(C)C)C(C)C,[ 959134  721103   99402 ...  696992  586471 2207646],0.439
pdga_178320,KDWKKIVKIVK,0.9930007457733154,0.9999990463256836,11,5,KLWKKWKKWKK,5,KLWKKWKKWLK,5,KLWKKWKKWKK,5,KKWFKvVKFV,0.521484375,WKLFKKILKVL,0.556640625,KKWKKWKKWKK,0.8181818181818182,0.4928041032099534,CC[C@H](C)[C@H](NC(=O)[C@H](CCCCN)NC(=O)[C@@H](NC(=O)[C@@H](NC(=O)[C@H](CCCCN)NC(=O)[C@H](CCCCN)NC(=O)[C@H](Cc1c[nH]c2ccccc12)NC(=O)[C@H](CC(=O)O)NC(=O)[C@@H](N)CCCCN)[C@@H](C)CC)C(C)C)C(=O)N[C@H](C(=O)N[C@@H](CCCCN)C(=O)O)C(C)C,[ 959134  756812   99402 ...  696992 1382711 2207646],0.579
pdga_183997,VNAWKKKIIKVIK,0.9960923790931702,0.9999394416809082,13,5,VNWKKILGKIIKVVK,7,KNWGKILKHIIK,5,VNWKKVLGKIIKVAK,5,VNWKKVLAKIIKVAK,0.525390625,IKKWLSKIKKLLK,0.5654296875,IKKIWSKIKKLWK,0.8461538461538461,0.3801804179334193,CC[C@H](C)[C@H](NC(=O)[C@H](CCCCN)NC(=O)[C@H](CCCCN)NC(=O)[C@H](CCCCN)NC(=O)[C@H](Cc1c[nH]c2ccccc12)NC(=O)[C@H](C)NC(=O)[C@H](CC(N)=O)NC(=O)[C@@H](N)C(C)C)C(=O)N[C@H](C(=O)N[C@@H](CCCCN)C(=O)N[C@H](C(=O)N[C@H](C(=O)N[C@@H](CCCCN)C(=O)O)[C@@H](C)CC)C(C)C)[C@@H](C)CC,[ 959134  721103   99402 ...  696992  586471 2207646],0.466
pdga_184595,KNWKKKIVKIVK,0.9961640238761902,0.9999990463256836,12,5,KNWKAILKHIIK,5,KNWGKILKHIIK,5,KNWKAILKHIIK,5,KNWGKILKHIIK,0.4833984375,KNWKAILKHIIK,0.55078125,KNWGKILKHIIK,0.8333333333333334,0.4503786471711342,CC[C@H](C)[C@H](NC(=O)[C@H](CCCCN)NC(=O)[C@@H](NC(=O)[C@@H](NC(=O)[C@H](CCCCN)NC(=O)[C@H](CCCCN)NC(=O)[C@H](CCCCN)NC(=O)[C@H](Cc1c[nH]c2ccccc12)NC(=O)[C@H](CC(N)=O)NC(=O)[C@@H](N)CCCCN)[C@@H](C)CC)C(C)C)C(=O)N[C@H](C(=O)N[C@@H](CCCCN)C(=O)O)C(C)C,[ 959134  721103   99402 ...  696992 1382711 2068298],0.434
pdga_185316,KNWKKKVIKIVK,0.9922716021537781,0.999997615814209,12,6,KLWKKWKKWKK,6,KLWKKWKKWLK,5,KNWKKILGKIIKVVK,5,KLWKIVVIKVWK,0.4853515625,KNWKAILKHIIK,0.5556640625,WKKILSKIKKLLK,0.8333333333333334,0.4291449330891337,CC[C@H](C)[C@H](NC(=O)[C@H](CCCCN)NC(=O)[C@@H](NC(=O)[C@@H](NC(=O)[C@H](CCCCN)NC(=O)[C@H](CCCCN)NC(=O)[C@H](CCCCN)NC(=O)[C@H](Cc1c[nH]c2ccccc12)NC(=O)[C@H](CC(N)=O)NC(=O)[C@@H](N)CCCCN)C(C)C)[C@@H](C)CC)C(=O)N[C@H](C(=O)N[C@@H](CCCCN)C(=O)O)C(C)C,[ 959134  721103   99402 ...  696992 1382711 2068298],0.43700000000000006
pdga_185565,NHWKKILGKVIK,0.9965681433677673,0.9999179840087891,12,6,NLWAGILKHIIK,6,KNWGKILKHIIK,4,GMWKKILGKLIR,4,VNWKKILGKI,0.4755859375,VNWKKILGKIIKVVK,0.5244140625,KNWGKILKHIIK,0.8333333333333334,0.4378605330573158,CC[C@H](C)[C@H](NC(=O)[C@H](CCCCN)NC(=O)[C@H](CCCCN)NC(=O)[C@H](Cc1c[nH]c2ccccc12)NC(=O)[C@H](Cc1c[nH]cn1)NC(=O)[C@@H](N)CC(N)=O)C(=O)N[C@@H](CC(C)C)C(=O)NCC(=O)N[C@@H](CCCCN)C(=O)N[C@H](C(=O)N[C@H](C(=O)N[C@@H](CCCCN)C(=O)O)[C@@H](C)CC)C(C)C,[ 959134  418767   99402 ...  696992  586471 1138370],0.46399999999999997
pdga_194976,KNWKKKIIKAVK,0.9974226951599121,0.9999957084655762,12,5,VNWKKILGKIIKVVK,6,KLWKKWKKWLK,4,KNWKKILGKIIKVVK,5,VNWKKVLAKIIKVVK,0.525390625,IKKWLSKIKKLLK,0.5771484375,WKKIWSKIKKLLK,0.8333333333333334,0.42017024541523823,CC[C@H](C)[C@H](NC(=O)[C@H](CCCCN)NC(=O)[C@H](CCCCN)NC(=O)[C@H](CCCCN)NC(=O)[C@H](Cc1c[nH]c2ccccc12)NC(=O)[C@H](CC(N)=O)NC(=O)[C@@H](N)CCCCN)C(=O)N[C@H](C(=O)N[C@@H](CCCCN)C(=O)N[C@@H](C)C(=O)N[C@H](C(=O)N[C@@H](CCCCN)C(=O)O)C(C)C)[C@@H](C)CC,[ 959134  721103   99402 ...  696992 1382711 2068298],0.47600000000000003
pdga_195978,KNWKKEIGKIYKIVK,0.9985552430152893,1.0,15,5,VNWKKILGKIIKVVK,7,KNWGKILKHIIK,4,KNWKKILGKIIKVVK,6,VNWKKVLGKVVKVVK,0.4404296875,VNWKKILGKIIKVVK,0.611328125,KWKKFKKIGAVLKKL,0.8666666666666667,0.42604523896335306,CC[C@H](C)[C@H](NC(=O)[C@H](CCC(=O)O)NC(=O)[C@H](CCCCN)NC(=O)[C@H](CCCCN)NC(=O)[C@H](Cc1c[nH]c2ccccc12)NC(=O)[C@H](CC(N)=O)NC(=O)[C@@H](N)CCCCN)C(=O)NCC(=O)N[C@@H](CCCCN)C(=O)N[C@H](C(=O)N[C@@H](Cc1ccc(O)cc1)C(=O)N[C@@H](CCCCN)C(=O)N[C@H](C(=O)N[C@H](C(=O)N[C@@H](CCCCN)C(=O)O)C(C)C)[C@@H](C)CC)[C@@H](C)CC,[ 959134  175289   99402 ...  696992  356855 1402690],0.445
pdga_197855,KNWKKIIKAVK,0.9967033267021179,0.9999933242797852,11,5,KLWKKWKKWKK,5,KLWKKWKKWLK,5,ILGKIIKVVK,5,GKIIKVVK,0.5322265625,WKLFKKILKVL,0.564453125,KKWKKWKKWKK,0.8181818181818182,0.49752363272965,CC[C@H](C)[C@H](NC(=O)[C@H](CCCCN)NC(=O)[C@H](CCCCN)NC(=O)[C@H](Cc1c[nH]c2ccccc12)NC(=O)[C@H](CC(N)=O)NC(=O)[C@@H](N)CCCCN)C(=O)N[C@H](C(=O)N[C@@H](CCCCN)C(=O)N[C@@H](C)C(=O)N[C@H](C(=O)N[C@@H](CCCCN)C(=O)O)C(C)C)[C@@H](C)CC,[ 959134  756812   99402 ...  696992 1382711 2207646],0.535
pdga_199108,VNWCKKIIKVIK,0.9979052543640137,0.9999780654907227,12,5,VNWKKILGKIIKVVK,6,KNWGKILKHIIK,5,VNWKKVLGKIIKVAK,5,VNWKKVLAKIIKVAK,0.515625,VNWKKILGKIIKVVK,0.5947265625,KNWGKILKHIIK,0.8333333333333334,0.44656585913047014,CC[C@H](C)[C@H](NC(=O)[C@H](CCCCN)NC(=O)[C@H](CCCCN)NC(=O)[C@H](CS)NC(=O)[C@H](Cc1c[nH]c2ccccc12)NC(=O)[C@H](CC(N)=O)NC(=O)[C@@H](N)C(C)C)C(=O)N[C@H](C(=O)N[C@@H](CCCCN)C(=O)N[C@H](C(=O)N[C@H](C(=O)N[C@@H](CCCCN)C(=O)O)[C@@H](C)CC)C(C)C)[C@@H](C)CC,[ 959134  729992   99402 ...  696992  586471 2207646],0.494
pdga_199625,KNWKKKIKKIIKLVK,0.9983438849449158,0.9998674392700195,15,5,VNWKKILGKIIKVVK,7,KLWKKWKKWLK,3,KNWKKILKKIIKVVK,5,VNWKKILKKIIKVAK,0.3837890625,VNWKKILGKIIKVVK,0.494140625,WKKIWSKIKKLLK,0.8666666666666667,0.48095288239818645,CC[C@H](C)[C@H](NC(=O)[C@H](CCCCN)NC(=O)[C@H](CCCCN)NC(=O)[C@H](CCCCN)NC(=O)[C@H](Cc1c[nH]c2ccccc12)NC(=O)[C@H](CC(N)=O)NC(=O)[C@@H](N)CCCCN)C(=O)N[C@@H](CCCCN)C(=O)N[C@@H](CCCCN)C(=O)N[C@H](C(=O)N[C@H](C(=O)N[C@@H](CCCCN)C(=O)N[C@@H](CC(C)C)C(=O)N[C@H](C(=O)N[C@@H](CCCCN)C(=O)O)C(C)C)[C@@H](C)CC)[C@@H](C)CC,[ 959134  175289   99402 ...  696992  356855 2207646],0.345
pdga_202266,KNWAKKIKKIIKIVK,0.9964718818664551,0.9999942183494568,15,5,VNWKKILGKIIKVVK,6,KNWGKILKHIIK,3,KNWKKILKKIIKVVK,5,VNWKKILKKIIKVAK,0.4365234375,VNWKKILGKIIKVVK,0.5732421875,KNWGKILKHIIK,0.8666666666666667,0.4778814115106474,CC[C@H](C)[C@H](NC(=O)[C@H](CCCCN)NC(=O)[C@H](CCCCN)NC(=O)[C@H](C)NC(=O)[C@H](Cc1c[nH]c2ccccc12)NC(=O)[C@H](CC(N)=O)NC(=O)[C@@H](N)CCCCN)C(=O)N[C@@H](CCCCN)C(=O)N[C@@H](CCCCN)C(=O)N[C@H](C(=O)N[C@H](C(=O)N[C@@H](CCCCN)C(=O)N[C@H](C(=O)N[C@H](C(=O)N[C@@H](CCCCN)C(=O)O)C(C)C)[C@@H](C)CC)[C@@H](C)CC)[C@@H](C)CC,[ 959134  175289   99402 ...  696992  356855 2207646],0.386
pdga_204480,ANWKKILKRLCDI,0.999502956867218,0.9999904632568359,13,7,LNWKAILKHIIK,7,ALWKTMLKKLGT,6,KRKKLLKRLI,6,VNWKKILGKI,0.5908203125,IKWKKLLRAAKRIL,0.650390625,KVFKRLEKLFSKI,0.8461538461538461,0.4110967800588826,CC[C@H](C)[C@H](NC(=O)[C@H](CC(=O)O)NC(=O)[C@H](CS)NC(=O)[C@H](CC(C)C)NC(=O)[C@H](CCCNC(=N)N)NC(=O)[C@H](CCCCN)NC(=O)[C@H](CC(C)C)NC(=O)[C@@H](NC(=O)[C@H](CCCCN)NC(=O)[C@H](CCCCN)NC(=O)[C@H](Cc1c[nH]c2ccccc12)NC(=O)[C@H](CC(N)=O)NC(=O)[C@H](C)N)[C@@H](C)CC)C(=O)O,[ 959134  198071   99402 ...  696992   61383 1099272],0.588
pdga_204927,ANWKKIIKVVKKI,0.9979747533798218,1.0,13,6,RLKKIGKVLKWI,6,RWKIFKKVVKKA,6,ILGKIIKVVK,6,GKIIKVVK,0.51953125,KNWKAILKHIIK,0.564453125,RWKIFKKVVKKA,0.8461538461538461,0.4306553188911383,CC[C@H](C)[C@H](NC(=O)[C@H](CCCCN)NC(=O)[C@H](CCCCN)NC(=O)[C@@H](NC(=O)[C@@H](NC(=O)[C@H](CCCCN)NC(=O)[C@@H](NC(=O)[C@@H](NC(=O)[C@H](CCCCN)NC(=O)[C@H](CCCCN)NC(=O)[C@H](Cc1c[nH]c2ccccc12)NC(=O)[C@H](CC(N)=O)NC(=O)[C@H](C)N)[C@@H](C)CC)[C@@H](C)CC)C(C)C)C(C)C)C(=O)O,[ 959134  670052   99402 ...  696992 1382711 2068298],0.48200000000000004
pdga_204939,ANWKKIIGKVVKKI,0.9989357590675354,1.0,14,6,RLKKIGKVLKWI,6,RWKIFKKVVKKA,6,INWKKIASIGKEVLKA,6,VNWKKVLGKVVKVVK,0.46875,VNWKKILGKIIKVVK,0.595703125,KWKKFKKIGAVLKKL,0.8571428571428571,0.4031155233163858,CC[C@H](C)[C@H](NC(=O)[C@H](CCCCN)NC(=O)[C@H](CCCCN)NC(=O)[C@@H](NC(=O)[C@@H](NC(=O)[C@H](CCCCN)NC(=O)CNC(=O)[C@@H](NC(=O)[C@@H](NC(=O)[C@H](CCCCN)NC(=O)[C@H](CCCCN)NC(=O)[C@H](Cc1c[nH]c2ccccc12)NC(=O)[C@H](CC(N)=O)NC(=O)[C@H](C)N)[C@@H](C)CC)[C@@H](C)CC)C(C)C)C(C)C)C(=O)O,[ 959134  670052   99402 ...  696992 1222903 1284830],0.386
pdga_205037,ANWKKILGKVVKKI,0.9984955191612244,1.0,14,6,VNWKKILGKIIKVVK,6,RWKIFKKVVKKA,6,VNWKKILGKIIKVVK,5,VNWKKVLGKVVKVVK,0.4111328125,VNWKKILGKIIKVVK,0.5595703125,WKKILSKIKKLLK,0.8571428571428571,0.38919663736537086,CC[C@H](C)[C@H](NC(=O)[C@H](CCCCN)NC(=O)[C@H](CCCCN)NC(=O)[C@@H](NC(=O)[C@@H](NC(=O)[C@H](CCCCN)NC(=O)CNC(=O)[C@H](CC(C)C)NC(=O)[C@@H](NC(=O)[C@H](CCCCN)NC(=O)[C@H](CCCCN)NC(=O)[C@H](Cc1c[nH]c2ccccc12)NC(=O)[C@H](CC(N)=O)NC(=O)[C@H](C)N)[C@@H](C)CC)C(C)C)C(C)C)C(=O)O,[ 959134  670052   99402 ...  696992 1446967 1284830],0.344
pdga_206246,ANWKKILKVVKKI,0.997492790222168,1.0,13,6,LNWGAILKHIKK,6,KNWGKILKHIIK,6,LNWGAILKHIKK,5,VNWKKILGKI,0.498046875,KNWKAILKHIIK,0.5576171875,WKKILSKIKKLLK,0.8461538461538461,0.42727804779195455,CC[C@H](C)[C@H](NC(=O)[C@H](CCCCN)NC(=O)[C@H](CCCCN)NC(=O)[C@@H](NC(=O)[C@@H](NC(=O)[C@H](CCCCN)NC(=O)[C@H](CC(C)C)NC(=O)[C@@H](NC(=O)[C@H](CCCCN)NC(=O)[C@H](CCCCN)NC(=O)[C@H](Cc1c[nH]c2ccccc12)NC(=O)[C@H](CC(N)=O)NC(=O)[C@H](C)N)[C@@H](C)CC)C(C)C)C(C)C)C(=O)O,[ 959134  670052   99402 ...  696992 1382711 2068298],0.45
pdga_207119,NWKKIRKLGKVVKKI,0.9979550838470459,0.9999980330467224,15,6,RWKIFKKVVKKG,6,RWKIFKKVVKKA,6,RWKIFKKVVKKG,6,RWKIFKKVVKKA,0.5078125,KWKKFKKIGKVLKVL,0.494140625,KWKLFKKIGKVLKKL,0.8666666666666667,0.43367759648858956,CC[C@H](C)[C@H](NC(=O)[C@H](CCCCN)NC(=O)[C@H](CCCCN)NC(=O)[C@@H](NC(=O)[C@@H](NC(=O)[C@H](CCCCN)NC(=O)CNC(=O)[C@H](CC(C)C)NC(=O)[C@H](CCCCN)NC(=O)[C@H](CCCNC(=N)N)NC(=O)[C@@H](NC(=O)[C@H](CCCCN)NC(=O)[C@H](CCCCN)NC(=O)[C@H](Cc1c[nH]c2ccccc12)NC(=O)[C@@H](N)CC(N)=O)[C@@H](C)CC)C(C)C)C(C)C)C(=O)O,[ 923560  175289   99402 ...  696992  356855 1960910],0.47600000000000003
pdga_207904,ANWKKILAQLAR,0.9932491779327393,0.999976634979248,12,7,LNWKAILKHIIK,7,ALWKTMLKKLGT,5,GMWKKILGHLIR,6,VNWKKILG,0.59765625,IKWKKLLRAAKRIL,0.626953125,RWKRIVVIRKRR,0.8333333333333334,0.39729599538019283,CC[C@H](C)[C@H](NC(=O)[C@H](CCCCN)NC(=O)[C@H](CCCCN)NC(=O)[C@H](Cc1c[nH]c2ccccc12)NC(=O)[C@H](CC(N)=O)NC(=O)[C@H](C)N)C(=O)N[C@@H](CC(C)C)C(=O)N[C@@H](C)C(=O)N[C@@H](CCC(N)=O)C(=O)N[C@@H](CC(C)C)C(=O)N[C@@H](C)C(=O)N[C@@H](CCCNC(=N)N)C(=O)O,[ 341943  198071   99402 ...  696992 3798535 1297900],0.597
pdga_219784,NWCKKIKAIIKVVK,0.993353545665741,0.9999237060546875,14,5,VNWKKILGKIIKVVK,7,INWKKIKSIIKAAMN,4,VNWKKILAKIIKVVK,5,VNWKKILKKIIKVAK,0.4853515625,VNWKKILGKIIKVVK,0.5947265625,WKKIWSKIKKLLK,0.8571428571428571,0.38189302901420363,CC[C@H](C)[C@H](NC(=O)[C@H](C)NC(=O)[C@H](CCCCN)NC(=O)[C@@H](NC(=O)[C@H](CCCCN)NC(=O)[C@H](CCCCN)NC(=O)[C@H](CS)NC(=O)[C@H](Cc1c[nH]c2ccccc12)NC(=O)[C@@H](N)CC(N)=O)[C@@H](C)CC)C(=O)N[C@H](C(=O)N[C@@H](CCCCN)C(=O)N[C@H](C(=O)N[C@H](C(=O)N[C@@H](CCCCN)C(=O)O)C(C)C)C(C)C)[C@@H](C)CC,[ 959134  175289   99402 ...  696992  586471 2207646],0.429
pdga_223134,VNWCKKIIKIVK,0.9922437071800232,0.9999995231628418,12,5,VNWKKILGKIIKVVK,6,KNWGKILKHIIK,5,VNWKKILGKIIKVVK,5,VNWKKILGKI,0.5361328125,VNWKKILGKIIKVVK,0.6123046875,KNWGKILKHIIK,0.8333333333333334,0.43520281208516565,CC[C@H](C)[C@H](NC(=O)[C@H](CCCCN)NC(=O)[C@@H](NC(=O)[C@@H](NC(=O)[C@H](CCCCN)NC(=O)[C@H](CCCCN)NC(=O)[C@H](CS)NC(=O)[C@H](Cc1c[nH]c2ccccc12)NC(=O)[C@H](CC(N)=O)NC(=O)[C@@H](N)C(C)C)[C@@H](C)CC)[C@@H](C)CC)C(=O)N[C@H](C(=O)N[C@@H](CCCCN)C(=O)O)C(C)C,[ 959134  729992   99402 ...  696992 1382711 2068298],0.49700000000000005
pdga_224444,ANWKKIIKIVHKVVK,0.9958199858665466,1.0,15,5,VNWKKILGKIIKVVK,8,KNWGKILKHIIK,5,VNWKKILGKIIKVVK,6,VNWKKVLGKVVKVVK,0.5078125,KNWKAILKHIIK,0.5615234375,KNWGKILKHIIK,0.8666666666666667,0.433612570576411,CC[C@H](C)[C@H](NC(=O)[C@H](CCCCN)NC(=O)[C@@H](NC(=O)[C@@H](NC(=O)[C@H](CCCCN)NC(=O)[C@H](CCCCN)NC(=O)[C@H](Cc1c[nH]c2ccccc12)NC(=O)[C@H](CC(N)=O)NC(=O)[C@H](C)N)[C@@H](C)CC)[C@@H](C)CC)C(=O)N[C@H](C(=O)N[C@@H](Cc1c[nH]cn1)C(=O)N[C@@H](CCCCN)C(=O)N[C@H](C(=O)N[C@H](C(=O)N[C@@H](CCCCN)C(=O)O)C(C)C)C(C)C)C(C)C,[ 959134  175289   99402 ...  696992 1382711 2068298],0.456
pdga_239678,NWKKILGKIDRANK,0.9970614910125732,0.9999985694885254,14,5,VNWKKILGKIIKVVK,6,WKKILSKIKKLLK,5,NVWKKILGKIIKVAK,5,VNWKKILGKIIKVAK,0.45703125,VNWKKILGKIIKVVK,0.5615234375,WKKILSKIKKLLK,0.8571428571428571,0.39442487187949876,CC[C@H](C)[C@H](NC(=O)[C@H](CCCCN)NC(=O)[C@H](CCCCN)NC(=O)[C@H](Cc1c[nH]c2ccccc12)NC(=O)[C@@H](N)CC(N)=O)C(=O)N[C@@H](CC(C)C)C(=O)NCC(=O)N[C@@H](CCCCN)C(=O)N[C@H](C(=O)N[C@@H](CC(=O)O)C(=O)N[C@@H](CCCNC(=N)N)C(=O)N[C@@H](C)C(=O)N[C@@H](CC(N)=O)C(=O)N[C@@H](CCCCN)C(=O)O)[C@@H](C)CC,[ 959134  175289   99402 ...  696992 1370695  280610],0.491
pdga_240725,PNWKKIIKVIK,0.9930682182312012,0.9998831748962402,11,5,LNWKAILKHIIK,5,KNWGKILKHIIK,5,ILGKIIKVVK,5,GKIIKVVK,0.5517578125,KNWKAILKHIIK,0.583984375,KNWGKILKHIIK,0.8181818181818182,0.4248850645681776,CC[C@H](C)[C@H](NC(=O)[C@H](CCCCN)NC(=O)[C@H](CCCCN)NC(=O)[C@H](Cc1c[nH]c2ccccc12)NC(=O)[C@H](CC(N)=O)NC(=O)[C@@H]1CCCN1)C(=O)N[C@H](C(=O)N[C@@H](CCCCN)C(=O)N[C@H](C(=O)N[C@H](C(=O)N[C@@H](CCCCN)C(=O)O)[C@@H](C)CC)C(C)C)[C@@H](C)CC,[ 959134  723302   99402 ...  696992 1382711 2207646],0.552
pdga_244559,KNWKKICKAVA,0.9963714480400085,1.0,11,6,LLKKVLKAAA,6,LKKVLKAAA,6,TLLKKVLKAAA,6,KTLLKKVLKAAA,0.5888671875,WKLFKKILKVL,0.61328125,KKWKKWKKWKK,0.8181818181818182,0.4367816188906298,CC[C@H](C)[C@H](NC(=O)[C@H](CCCCN)NC(=O)[C@H](CCCCN)NC(=O)[C@H](Cc1c[nH]c2ccccc12)NC(=O)[C@H](CC(N)=O)NC(=O)[C@@H](N)CCCCN)C(=O)N[C@@H](CS)C(=O)N[C@@H](CCCCN)C(=O)N[C@@H](C)C(=O)N[C@H](C(=O)N[C@@H](C)C(=O)O)C(C)C,[ 959134 2852664  437738 ...  696992 1382711 2207646],0.594
pdga_246848,ANWKKILGKILGKI,0.9990193843841553,0.9999299049377441,14,6,VNWKKILGKIIKVVK,7,ALWKTMLKKLGT,5,INWLKLGKKILGAI,5,VNWKKILGKI,0.4765625,VNWKKILGKIIKVVK,0.5791015625,WKKILSKIKKLLK,0.8571428571428571,0.31912017464580383,CC[C@H](C)[C@H](NC(=O)[C@H](CCCCN)NC(=O)CNC(=O)[C@H](CC(C)C)NC(=O)[C@@H](NC(=O)[C@H](CCCCN)NC(=O)CNC(=O)[C@H](CC(C)C)NC(=O)[C@@H](NC(=O)[C@H](CCCCN)NC(=O)[C@H](CCCCN)NC(=O)[C@H](Cc1c[nH]c2ccccc12)NC(=O)[C@H](CC(N)=O)NC(=O)[C@H](C)N)[C@@H](C)CC)[C@@H](C)CC)C(=O)O,[ 959134  670052   99402 ...  696992 1446967 1284830],0.406
pdga_248934,ANWKKILGKVIK,0.9973532557487488,0.9999861717224121,12,5,LNWKAILKHIIK,5,KNWGKILKHIIK,4,GMWKKILGKLIR,3,VNWKKILGKI,0.3681640625,VNWKKILGKIIKVVK,0.515625,KNWGKILKHIIK,0.8333333333333334,0.38277989337092605,CC[C@H](C)[C@H](NC(=O)[C@H](CCCCN)NC(=O)[C@H](CCCCN)NC(=O)[C@H](Cc1c[nH]c2ccccc12)NC(=O)[C@H](CC(N)=O)NC(=O)[C@H](C)N)C(=O)N[C@@H](CC(C)C)C(=O)NCC(=O)N[C@@H](CCCCN)C(=O)N[C@H](C(=O)N[C@H](C(=O)N[C@@H](CCCCN)C(=O)O)[C@@H](C)CC)C(C)C,[ 959134  721103   99402 ...  696992  586471 1284830],0.37200000000000005
pdga_250896,NNWKKIIKYVK,0.9985283017158508,0.9999880194664001,11,5,WFKIIKK,6,KLWKKWKKWLK,5,ILGKIIKVVK,5,GKIIKVVK,0.5625,WKLFKKILKVL,0.5947265625,KKWKKWKKWKK,0.8181818181818182,0.4563256060194748,CC[C@H](C)[C@H](NC(=O)[C@H](CCCCN)NC(=O)[C@H](CCCCN)NC(=O)[C@H](Cc1c[nH]c2ccccc12)NC(=O)[C@H](CC(N)=O)NC(=O)[C@@H](N)CC(N)=O)C(=O)N[C@H](C(=O)N[C@@H](CCCCN)C(=O)N[C@@H](Cc1ccc(O)cc1)C(=O)N[C@H](C(=O)N[C@@H](CCCCN)C(=O)O)C(C)C)[C@@H](C)CC,[ 959134  756812   99402 ...  696992 1382711 2207646],0.586
pdga_254313,NNWKKILGKIYDNCI,0.9976881146430969,0.9999995231628418,15,6,VNWKKILGKIIKVVK,8,WKKILSKIKKLLK,6,NVWKKILGKIIKVAK,6,VNWKKILGKIIKVAK,0.5263671875,VNWKKILGKIIKVVK,0.646484375,WKKILSKIKKLLK,0.8666666666666667,0.31505245758892725,CC[C@H](C)[C@H](NC(=O)[C@H](CS)NC(=O)[C@H](CC(N)=O)NC(=O)[C@H](CC(=O)O)NC(=O)[C@H](Cc1ccc(O)cc1)NC(=O)[C@@H](NC(=O)[C@H](CCCCN)NC(=O)CNC(=O)[C@H](CC(C)C)NC(=O)[C@@H](NC(=O)[C@H](CCCCN)NC(=O)[C@H](CCCCN)NC(=O)[C@H](Cc1c[nH]c2ccccc12)NC(=O)[C@H](CC(N)=O)NC(=O)[C@@H](N)CC(N)=O)[C@@H](C)CC)[C@@H](C)CC)C(=O)O,[ 959134  175289   99402 ...  696992 1370695 1138370],0.5660000000000001
pdga_257481,KNWKKIKAKIVKIVK,0.9979680776596069,0.9999184608459473,15,5,VNWKKILGKIIKVVK,7,KIAKKIAKIAKKIA,4,VNWKKILAKIIKVVK,5,VNWKKVLAKIIKVVK,0.3984375,VNWKKILGKIIKVVK,0.5166015625,WKKILSKIKKLLK,0.8666666666666667,0.39921582462821714,CC[C@H](C)[C@H](NC(=O)[C@H](CCCCN)NC(=O)[C@H](CCCCN)NC(=O)[C@H](Cc1c[nH]c2ccccc12)NC(=O)[C@H](CC(N)=O)NC(=O)[C@@H](N)CCCCN)C(=O)N[C@@H](CCCCN)C(=O)N[C@@H](C)C(=O)N[C@@H](CCCCN)C(=O)N[C@H](C(=O)N[C@H](C(=O)N[C@@H](CCCCN)C(=O)N[C@H](C(=O)N[C@H](C(=O)N[C@@H](CCCCN)C(=O)O)C(C)C)[C@@H](C)CC)C(C)C)[C@@H](C)CC,[ 959134  175289   99402 ...  696992  356855 2068298],0.33
pdga_263227,KWRRQLGKIIKIVK,0.9953663349151611,0.9999942183494568,14,6,VNWKKILGKIIKVVK,8,KWKLFKKI,5,KNWKKILGKIIKVVK,7,GKIIKVVK,0.490234375,VNWKKILGKIIKVVK,0.6337890625,WKKILSKIKKLLK,0.8571428571428571,0.4440173392560635,CC[C@H](C)[C@H](NC(=O)[C@H](CCCCN)NC(=O)[C@@H](NC(=O)[C@@H](NC(=O)[C@H](CCCCN)NC(=O)CNC(=O)[C@H](CC(C)C)NC(=O)[C@H](CCC(N)=O)NC(=O)[C@H](CCCNC(=N)N)NC(=O)[C@H](CCCNC(=N)N)NC(=O)[C@H](Cc1c[nH]c2ccccc12)NC(=O)[C@@H](N)CCCCN)[C@@H](C)CC)[C@@H](C)CC)C(=O)N[C@H](C(=O)N[C@@H](CCCCN)C(=O)O)C(C)C,[ 959134  721103   21952 ...  314491  586471 2207646],0.44
pdga_266593,KNWKKIVKKFI,0.9975196719169617,1.0,11,5,KNWKAILKHIIK,5,KWKLFKKI,5,KKKRIIKKLI,4,VNWKKILGKI,0.5322265625,KNWKAILKHIIK,0.587890625,IKKIWSKIKKLWK,0.8181818181818182,0.5100716523985181,CC[C@H](C)[C@H](NC(=O)[C@H](Cc1ccccc1)NC(=O)[C@H](CCCCN)NC(=O)[C@H](CCCCN)NC(=O)[C@@H](NC(=O)[C@@H](NC(=O)[C@H](CCCCN)NC(=O)[C@H](CCCCN)NC(=O)[C@H](Cc1c[nH]c2ccccc12)NC(=O)[C@H](CC(N)=O)NC(=O)[C@@H](N)CCCCN)[C@@H](C)CC)C(C)C)C(=O)O,[ 959134  670052   99402 ...  696992  586471 2207646],0.521
pdga_268784,KNWKKILKVIDKVIK,0.9965882897377014,0.9999589920043945,15,5,KNWKAILKHIIK,5,KNWGKILKHIIK,3,KNWKKILKKIIKVVK,4,VNWKKILKKIIKVAK,0.412109375,VNWKKILGKIIKVVK,0.4970703125,WKKILSKIKKLLK,0.8666666666666667,0.5455009003675838,CC[C@H](C)[C@H](NC(=O)[C@H](CCCCN)NC(=O)[C@H](CCCCN)NC(=O)[C@H](Cc1c[nH]c2ccccc12)NC(=O)[C@H](CC(N)=O)NC(=O)[C@@H](N)CCCCN)C(=O)N[C@@H](CC(C)C)C(=O)N[C@@H](CCCCN)C(=O)N[C@H](C(=O)N[C@H](C(=O)N[C@@H](CC(=O)O)C(=O)N[C@@H](CCCCN)C(=O)N[C@H](C(=O)N[C@H](C(=O)N[C@@H](CCCCN)C(=O)O)[C@@H](C)CC)C(C)C)[C@@H](C)CC)C(C)C,[ 959134  544407   99402 ...  696992 1370695 2068298],0.377
pdga_274139,SWRKLGKKVIKVIK,0.9979300498962402,0.9999995231628418,14,7,WKLFKKILKVL,8,KWKLFKKI,6,KWKLFKKVLKVL,7,VNWKKVLGKVVKVVK,0.529296875,VNWKKILGKIIKVVK,0.5859375,WKKIWSKIKKLLK,0.8571428571428571,0.4919839608767979,CC[C@H](C)[C@H](NC(=O)[C@@H](NC(=O)[C@H](CCCCN)NC(=O)[C@@H](NC(=O)[C@@H](NC(=O)[C@H](CCCCN)NC(=O)[C@H](CCCCN)NC(=O)CNC(=O)[C@H](CC(C)C)NC(=O)[C@H](CCCCN)NC(=O)[C@H](CCCNC(=N)N)NC(=O)[C@H](Cc1c[nH]c2ccccc12)NC(=O)[C@@H](N)CO)C(C)C)[C@@H](C)CC)C(C)C)C(=O)N[C@@H](CCCCN)C(=O)O,[ 959134  721103   99402 ...  696992  586471 2207646],0.474
pdga_276297,SNWKKIVKIVK,0.9924277067184448,0.9999985694885254,11,5,LNWKAILKHIIK,5,KNWGKILKHIIK,5,LNWKAILKHIIK,5,KNWGKILKHIIK,0.5244140625,WKLFKKILKVL,0.5908203125,KKWKKWKKWKK,0.8181818181818182,0.4240911714148974,CC[C@H](C)[C@H](NC(=O)[C@H](CCCCN)NC(=O)[C@@H](NC(=O)[C@@H](NC(=O)[C@H](CCCCN)NC(=O)[C@H](CCCCN)NC(=O)[C@H](Cc1c[nH]c2ccccc12)NC(=O)[C@H](CC(N)=O)NC(=O)[C@@H](N)CO)[C@@H](C)CC)C(C)C)C(=O)N[C@H](C(=O)N[C@@H](CCCCN)C(=O)O)C(C)C,[ 959134  756812   99402 ...  696992 1382711 2207646],0.5710000000000001
pdga_287548,KNWKKIEKVIKIVK,0.9981125593185425,0.9999961256980896,14,5,KNWKAILKHIIK,5,KNWGKILKHIIK,4,KNWKKILGKIIKVVK,5,KNWGKILKHIIK,0.5341796875,VNWKKILGKIIKVVK,0.591796875,WKKILSKIKKLLK,0.8571428571428571,0.37873466950051166,CC[C@H](C)[C@H](NC(=O)[C@H](CCCCN)NC(=O)[C@H](CCCCN)NC(=O)[C@H](Cc1c[nH]c2ccccc12)NC(=O)[C@H](CC(N)=O)NC(=O)[C@@H](N)CCCCN)C(=O)N[C@@H](CCC(=O)O)C(=O)N[C@@H](CCCCN)C(=O)N[C@H](C(=O)N[C@H](C(=O)N[C@@H](CCCCN)C(=O)N[C@H](C(=O)N[C@H](C(=O)N[C@@H](CCCCN)C(=O)O)C(C)C)[C@@H](C)CC)[C@@H](C)CC)C(C)C,[ 959134  175289   99402 ...  696992  356855 2068298],0.48200000000000004
pdga_287980,KNWKKIKKIVKYVVK,0.9929960370063782,1.0,15,5,VNWKKILGKIIKVVK,7,KKWKKWKKWKK,3,KNWKKILKKIIKVVK,5,VNWKKILKKIIKVAK,0.5224609375,VNWKKILGKIIKVVK,0.541015625,INWKKIKSIIKAAMN,0.8666666666666667,0.4714670961536724,CC[C@H](C)[C@H](NC(=O)[C@H](CCCCN)NC(=O)[C@H](CCCCN)NC(=O)[C@H](Cc1c[nH]c2ccccc12)NC(=O)[C@H](CC(N)=O)NC(=O)[C@@H](N)CCCCN)C(=O)N[C@@H](CCCCN)C(=O)N[C@@H](CCCCN)C(=O)N[C@H](C(=O)N[C@H](C(=O)N[C@@H](CCCCN)C(=O)N[C@@H](Cc1ccc(O)cc1)C(=O)N[C@H](C(=O)N[C@H](C(=O)N[C@@H](CCCCN)C(=O)O)C(C)C)C(C)C)C(C)C)[C@@H](C)CC,[ 959134  175289   99402 ...  696992 1382711 2068298],0.465
pdga_289066,WDGMWRKIIKAVK,0.9945228695869446,0.9999237060546875,13,7,WFKIIKK,7,WKKIWSKIKKLLK,6,ILGKIIKVVK,6,GKIIKVVK,0.609375,VNWKKILGKIIKVVK,0.6142578125,WKKIWSKIKKLLK,0.8461538461538461,0.4534406365508873,CC[C@H](C)[C@H](NC(=O)[C@H](CCCCN)NC(=O)[C@H](CCCNC(=N)N)NC(=O)[C@H](Cc1c[nH]c2ccccc12)NC(=O)[C@H](CCSC)NC(=O)CNC(=O)[C@H](CC(=O)O)NC(=O)[C@@H](N)Cc1c[nH]c2ccccc12)C(=O)N[C@H](C(=O)N[C@@H](CCCCN)C(=O)N[C@@H](C)C(=O)N[C@H](C(=O)N[C@@H](CCCCN)C(=O)O)C(C)C)[C@@H](C)CC,[341943 721103  99402 ... 696992 557943  94104],0.589
pdga_294987,DKFSEKLGKIIKIVK,0.9982212781906128,0.9999856352806091,15,7,VNWKKILGKIIKVVK,9,KWKLFKKI,6,KNWKKILGKIIKVVK,8,GKIIKVVK,0.53515625,VNWKKILGKIIKVVK,0.61328125,KFLKKAKKFGKAFVKIL,0.8666666666666667,0.39217563679041295,CC[C@H](C)[C@H](NC(=O)[C@H](CCCCN)NC(=O)[C@@H](NC(=O)[C@@H](NC(=O)[C@H](CCCCN)NC(=O)CNC(=O)[C@H](CC(C)C)NC(=O)[C@H](CCCCN)NC(=O)[C@H](CCC(=O)O)NC(=O)[C@H](CO)NC(=O)[C@H](Cc1ccccc1)NC(=O)[C@H](CCCCN)NC(=O)[C@@H](N)CC(=O)O)[C@@H](C)CC)[C@@H](C)CC)C(=O)N[C@H](C(=O)N[C@@H](CCCCN)C(=O)O)C(C)C,[ 959134  354556   59082 ...  696992 1382711 1359898],0.5920000000000001
pdga_298720,SNNWKKIIKVIK,0.992612361907959,0.9999961256980896,12,6,LNWKAILKHIIK,6,KNWGKILKHIIK,6,ILGKIIKVVK,6,GKIIKVVK,0.525390625,KNWKAILKHIIK,0.5556640625,KNWGKILKHIIK,0.8333333333333334,0.4375318602566396,CC[C@H](C)[C@H](NC(=O)[C@H](CCCCN)NC(=O)[C@H](CCCCN)NC(=O)[C@H](Cc1c[nH]c2ccccc12)NC(=O)[C@H](CC(N)=O)NC(=O)[C@H](CC(N)=O)NC(=O)[C@@H](N)CO)C(=O)N[C@H](C(=O)N[C@@H](CCCCN)C(=O)N[C@H](C(=O)N[C@H](C(=O)N[C@@H](CCCCN)C(=O)O)[C@@H](C)CC)C(C)C)[C@@H](C)CC,[ 959134  258185   99402 ...  696992 1382711 2207646],0.546
pdga_307144,KWRQLGKKIIKVAK,0.9982986450195312,1.0,14,7,WKLFKKILKVL,7,KWKLFKKIGKVLKKL,6,ILGKIIKVVK,6,KWKLFKKILKVL,0.5283203125,VNWKKILGKIIKVVK,0.615234375,WKKILSKIKKLLK,0.8571428571428571,0.44814308393000785,CC[C@H](C)[C@H](NC(=O)[C@H](CCCCN)NC(=O)[C@H](CCCCN)NC(=O)CNC(=O)[C@H](CC(C)C)NC(=O)[C@H](CCC(N)=O)NC(=O)[C@H](CCCNC(=N)N)NC(=O)[C@H](Cc1c[nH]c2ccccc12)NC(=O)[C@@H](N)CCCCN)C(=O)N[C@H](C(=O)N[C@@H](CCCCN)C(=O)N[C@H](C(=O)N[C@@H](C)C(=O)N[C@@H](CCCCN)C(=O)O)C(C)C)[C@@H](C)CC,[ 609104  721103   99402 ...  696992  586471 2207646],0.469
pdga_313750,KNWKKIKKIVKVIK,0.9965066313743591,0.9998922348022461,14,5,VNWKKILGKIIKVVK,6,KIAKKIAKIAKKIA,3,KNWKKILKKIIKVVK,4,VNWKKILKKIIKVAK,0.5595703125,VNWKKILGKIIKVVK,0.55859375,INWKKIKSIIKAAMN,0.8571428571428571,0.4089562922149744,CC[C@H](C)[C@H](NC(=O)[C@H](CCCCN)NC(=O)[C@H](CCCCN)NC(=O)[C@H](Cc1c[nH]c2ccccc12)NC(=O)[C@H](CC(N)=O)NC(=O)[C@@H](N)CCCCN)C(=O)N[C@@H](CCCCN)C(=O)N[C@@H](CCCCN)C(=O)N[C@H](C(=O)N[C@H](C(=O)N[C@@H](CCCCN)C(=O)N[C@H](C(=O)N[C@H](C(=O)N[C@@H](CCCCN)C(=O)O)[C@@H](C)CC)C(C)C)C(C)C)[C@@H](C)CC,[ 959134  175289   99402 ...  696992  356855 2068298],0.456
pdga_314321,NWKKILGKYRRL,0.9975924491882324,0.9999284744262695,12,7,KKLFKKILKYL,7,KKLfKKILKYL,5,GMWKKILGKLIR,5,VNWKKILGKI,0.615234375,IKWKKLLRAAKRIL,0.6123046875,RWKRIVVIRKRR,0.8333333333333334,0.3985953153704153,CC[C@H](C)[C@H](NC(=O)[C@H](CCCCN)NC(=O)[C@H](CCCCN)NC(=O)[C@H](Cc1c[nH]c2ccccc12)NC(=O)[C@@H](N)CC(N)=O)C(=O)N[C@@H](CC(C)C)C(=O)NCC(=O)N[C@@H](CCCCN)C(=O)N[C@@H](Cc1ccc(O)cc1)C(=O)N[C@@H](CCCNC(=N)N)C(=O)N[C@@H](CCCNC(=N)N)C(=O)N[C@@H](CC(C)C)C(=O)O,[ 959134  721103   99402 ...  696992 1486951 1297900],0.569
pdga_314643,KNWKKKIIKLVK,0.9921698570251465,0.9999980330467224,12,5,VNWKKILGKIIKVVK,6,KKWLKKWLK,4,KNWKKILGKIIKVVK,5,VNWKKVLAKIIKVVK,0.474609375,IKKWLSKIKKLLK,0.525390625,WKKIWSKIKKLLK,0.8333333333333334,0.434218856769973,CC[C@H](C)[C@H](NC(=O)[C@H](CCCCN)NC(=O)[C@H](CCCCN)NC(=O)[C@H](CCCCN)NC(=O)[C@H](Cc1c[nH]c2ccccc12)NC(=O)[C@H](CC(N)=O)NC(=O)[C@@H](N)CCCCN)C(=O)N[C@H](C(=O)N[C@@H](CCCCN)C(=O)N[C@@H](CC(C)C)C(=O)N[C@H](C(=O)N[C@@H](CCCCN)C(=O)O)C(C)C)[C@@H](C)CC,[ 959134  198071   99402 ...  696992 1382711 2068298],0.452
pdga_343016,NWKKILGKIVR,0.9965710043907166,0.9999861717224121,11,5,VNWKKILGKIIKVVK,6,KNWGKILKHIIK,4,GMWKKILGKLIR,3,VNWKKILGKI,0.5,VNWKKILGKIIKVVK,0.599609375,KNWGKILKHIIK,0.8181818181818182,0.506272059300156,CC[C@H](C)[C@H](NC(=O)[C@H](CCCCN)NC(=O)[C@H](CCCCN)NC(=O)[C@H](Cc1c[nH]c2ccccc12)NC(=O)[C@@H](N)CC(N)=O)C(=O)N[C@@H](CC(C)C)C(=O)NCC(=O)N[C@@H](CCCCN)C(=O)N[C@H](C(=O)N[C@H](C(=O)N[C@@H](CCCNC(=N)N)C(=O)O)C(C)C)[C@@H](C)CC,[959134 721103  99402 ... 696992 764343 280610],0.45299999999999996
pdga_351682,KNWKKILKKICRGF,0.9997446537017822,0.9999914169311523,14,6,KNWKAILKHIIK,6,KNWGKILKHIIK,5,KNWKKILKKIIKVVK,6,KNWGKILKHIIK,0.5595703125,VNWKKILGKIIKVVK,0.6044921875,KNWGKILKHIIK,0.8571428571428571,0.5731487144287905,CC[C@H](C)[C@H](NC(=O)[C@H](CCCCN)NC(=O)[C@H](CCCCN)NC(=O)[C@H](Cc1c[nH]c2ccccc12)NC(=O)[C@H](CC(N)=O)NC(=O)[C@@H](N)CCCCN)C(=O)N[C@@H](CC(C)C)C(=O)N[C@@H](CCCCN)C(=O)N[C@@H](CCCCN)C(=O)N[C@H](C(=O)N[C@@H](CS)C(=O)N[C@@H](CCCNC(=N)N)C(=O)NCC(=O)N[C@@H](Cc1ccccc1)C(=O)O)[C@@H](C)CC,[ 959134  721103   99402 ...  696992 1382711  280610],0.5329999999999999
pdga_351775,VNYWKKIIKAVK,0.9925895929336548,0.9999990463256836,12,6,VNWKKILGKIIKVVK,7,KLWKKWKKWLK,6,ILGKIIKVVK,6,VNWKKILG,0.587890625,WKLFKKILKVL,0.6083984375,RWKIFKKVVKKA,0.8333333333333334,0.43753889969787907,CC[C@H](C)[C@H](NC(=O)[C@H](CCCCN)NC(=O)[C@H](CCCCN)NC(=O)[C@H](Cc1c[nH]c2ccccc12)NC(=O)[C@H](Cc1ccc(O)cc1)NC(=O)[C@H](CC(N)=O)NC(=O)[C@@H](N)C(C)C)C(=O)N[C@H](C(=O)N[C@@H](CCCCN)C(=O)N[C@@H](C)C(=O)N[C@H](C(=O)N[C@@H](CCCCN)C(=O)O)C(C)C)[C@@H](C)CC,[ 959134  756812   99402 ...  696992 1382711 2207646],0.565
pdga_353855,VNVWKKIVKIVK,0.9981313943862915,0.999992847442627,12,6,LNWKAILKHIIK,6,KNWGKILKHIIK,6,LNWKAILKHIIK,5,VNWKKILGKI,0.5478515625,WKLFKKILKVL,0.5986328125,IKKIWSKIKKWWK,0.8333333333333334,0.4612535122429023,CC[C@H](C)[C@H](NC(=O)[C@H](CCCCN)NC(=O)[C@@H](NC(=O)[C@@H](NC(=O)[C@H](CCCCN)NC(=O)[C@H](CCCCN)NC(=O)[C@H](Cc1c[nH]c2ccccc12)NC(=O)[C@@H](NC(=O)[C@H](CC(N)=O)NC(=O)[C@@H](N)C(C)C)C(C)C)[C@@H](C)CC)C(C)C)C(=O)N[C@H](C(=O)N[C@@H](CCCCN)C(=O)O)C(C)C,[ 959134  756812   99402 ...  696992 1382711 2207646],0.514
pdga_381858,NWKKILGRLGEKG,0.9976612329483032,0.999936580657959,13,7,GIKKILKYGKKS,8,LLKKLLKKLLKK,7,WSKILGHLIR,6,VNWKKILGKI,0.62109375,VNWKKILGKIIKVVK,0.689453125,KWKKFKKIGAVLKKL,0.8461538461538461,0.38308455787093365,CC[C@H](C)[C@H](NC(=O)[C@H](CCCCN)NC(=O)[C@H](CCCCN)NC(=O)[C@H](Cc1c[nH]c2ccccc12)NC(=O)[C@@H](N)CC(N)=O)C(=O)N[C@@H](CC(C)C)C(=O)NCC(=O)N[C@@H](CCCNC(=N)N)C(=O)N[C@@H](CC(C)C)C(=O)NCC(=O)N[C@@H](CCC(=O)O)C(=O)N[C@@H](CCCCN)C(=O)NCC(=O)O,[ 959134  198071   99402 ...  696992   61383 1099272],0.579
pdga_383294,NWKKIVGKVIKDVLK,0.9962500929832458,0.9999990463256836,15,5,KKIVQKIKDFLK,6,WKKIWSKIKKLLK,5,KKIVQKIKDFLK,5,VNWKKILGKIIKVAK,0.4248046875,VNWKKILGKIIKVVK,0.5751953125,WKKILSKIKKLLK,0.8666666666666667,0.4332691796179567,CC[C@H](C)[C@H](NC(=O)[C@H](CCCCN)NC(=O)[C@H](CCCCN)NC(=O)[C@H](Cc1c[nH]c2ccccc12)NC(=O)[C@@H](N)CC(N)=O)C(=O)N[C@H](C(=O)NCC(=O)N[C@@H](CCCCN)C(=O)N[C@H](C(=O)N[C@H](C(=O)N[C@@H](CCCCN)C(=O)N[C@@H](CC(=O)O)C(=O)N[C@H](C(=O)N[C@@H](CC(C)C)C(=O)N[C@@H](CCCCN)C(=O)O)C(C)C)[C@@H](C)CC)C(C)C)C(C)C,[ 505114  175289   99402 ...  696992  356855 1645570],0.381
pdga_383883,SNWKKIIGKVIK,0.9950401186943054,0.9999661445617676,12,6,LNWKAILKHIIK,6,KNWGKILKHIIK,5,INWKKIASIGKEVLK,4,VNWKKILGKI,0.42578125,VNWKKILGKIIKVVK,0.53125,KNWGKILKHIIK,0.8333333333333334,0.4326210067270531,CC[C@H](C)[C@H](NC(=O)[C@H](CCCCN)NC(=O)[C@H](CCCCN)NC(=O)[C@H](Cc1c[nH]c2ccccc12)NC(=O)[C@H](CC(N)=O)NC(=O)[C@@H](N)CO)C(=O)N[C@H](C(=O)NCC(=O)N[C@@H](CCCCN)C(=O)N[C@H](C(=O)N[C@H](C(=O)N[C@@H](CCCCN)C(=O)O)[C@@H](C)CC)C(C)C)[C@@H](C)CC,[ 959134  721103   99402 ...  696992  586471 1645570],0.433
pdga_386156,KNWKKIVQKML,0.9988645911216736,0.9999980330467224,11,6,KWLKKWL,6,KKLFKKIlKYL,6,INWKKGKEVLKAL,5,VNWKKILGKI,0.580078125,GKWMKLlKKILK,0.61328125,WKKIWSKIKKLLK,0.8181818181818182,0.4488433706944715,CC[C@H](C)[C@H](NC(=O)[C@H](CCCCN)NC(=O)[C@H](CCCCN)NC(=O)[C@H](Cc1c[nH]c2ccccc12)NC(=O)[C@H](CC(N)=O)NC(=O)[C@@H](N)CCCCN)C(=O)N[C@H](C(=O)N[C@@H](CCC(N)=O)C(=O)N[C@@H](CCCCN)C(=O)N[C@@H](CCSC)C(=O)N[C@@H](CC(C)C)C(=O)O)C(C)C,[ 505114  721103   99402 ...  696992 1523271 2207646],0.584
pdga_388714,KNWKKIKKKIVKVIK,0.9954743385314941,0.9999403953552246,15,5,VNWKKILGKIIKVVK,6,KNWGKILKHIIK,3,KNWKKILKKIIKVVK,4,VNWKKILKKIIKVAK,0.3828125,VNWKKILGKIIKVVK,0.4853515625,WKKIWSKIKKLLK,0.8666666666666667,0.4869893941023262,CC[C@H](C)[C@H](NC(=O)[C@H](CCCCN)NC(=O)[C@H](CCCCN)NC(=O)[C@H](Cc1c[nH]c2ccccc12)NC(=O)[C@H](CC(N)=O)NC(=O)[C@@H](N)CCCCN)C(=O)N[C@@H](CCCCN)C(=O)N[C@@H](CCCCN)C(=O)N[C@@H](CCCCN)C(=O)N[C@H](C(=O)N[C@H](C(=O)N[C@@H](CCCCN)C(=O)N[C@H](C(=O)N[C@H](C(=O)N[C@@H](CCCCN)C(=O)O)[C@@H](C)CC)C(C)C)C(C)C)[C@@H](C)CC,[ 959134  721103   99402 ...  696992 1382711 2068298],0.32299999999999995
pdga_388773,VANWKKKIVKVIK,0.9967401623725891,0.9999995231628418,13,6,VNWKKILGKIIKVVK,7,KNWGKILKHIIK,6,VNWKKVLGKIIKVAK,6,VNWKKVLGKVVKVVK,0.515625,KNWKAILKHIIK,0.5673828125,IKKIWSKIKKLWK,0.8461538461538461,0.3999865154990471,CC[C@H](C)[C@H](NC(=O)[C@H](CCCCN)NC(=O)[C@H](CCCCN)NC(=O)[C@H](CCCCN)NC(=O)[C@H](Cc1c[nH]c2ccccc12)NC(=O)[C@H](CC(N)=O)NC(=O)[C@H](C)NC(=O)[C@@H](N)C(C)C)C(=O)N[C@H](C(=O)N[C@@H](CCCCN)C(=O)N[C@H](C(=O)N[C@H](C(=O)N[C@@H](CCCCN)C(=O)O)[C@@H](C)CC)C(C)C)C(C)C,[ 959134  721103   99402 ...  696992  586471 2207646],0.449
pdga_389783,NWKKILGKFLS,0.9960801601409912,0.9998784065246582,11,6,KKLFKKILKFL,6,KKWLKKWLK,5,GMWKKILGKLIR,4,VNWKKILGKI,0.5927734375,VNWKKILGKIIKVVK,0.6083984375,ALGKFWEKIKSLF,0.8181818181818182,0.3598205381409854,CC[C@H](C)[C@H](NC(=O)[C@H](CCCCN)NC(=O)[C@H](CCCCN)NC(=O)[C@H](Cc1c[nH]c2ccccc12)NC(=O)[C@@H](N)CC(N)=O)C(=O)N[C@@H](CC(C)C)C(=O)NCC(=O)N[C@@H](CCCCN)C(=O)N[C@@H](Cc1ccccc1)C(=O)N[C@@H](CC(C)C)C(=O)N[C@@H](CO)C(=O)O,[ 959134 2852664   99402 ...  696992  764343 1645570],0.5529999999999999
pdga_390204,NNWKKILGKIDEEI,0.9921869039535522,0.999962329864502,14,6,VNWKKILGKIIKVVK,8,KNWGKILKHIIK,6,NVWKKILGKIIKVAK,5,VNWKKILGKI,0.4990234375,VNWKKILGKIIKVVK,0.62109375,WKKILSKIKKLLK,0.8571428571428571,0.37699160870116305,CC[C@H](C)[C@H](NC(=O)[C@H](CCC(=O)O)NC(=O)[C@H](CCC(=O)O)NC(=O)[C@H](CC(=O)O)NC(=O)[C@@H](NC(=O)[C@H](CCCCN)NC(=O)CNC(=O)[C@H](CC(C)C)NC(=O)[C@@H](NC(=O)[C@H](CCCCN)NC(=O)[C@H](CCCCN)NC(=O)[C@H](Cc1c[nH]c2ccccc12)NC(=O)[C@H](CC(N)=O)NC(=O)[C@@H](N)CC(N)=O)[C@@H](C)CC)[C@@H](C)CC)C(=O)O,[ 959134  418767   99402 ...  696992 1370695 1138370],0.475
pdga_396907,EKNWKKKIIKVIK,0.9936347603797913,0.999936580657959,13,6,KNWKAILKHIIK,6,KNWGKILKHIIK,5,KNWKKILGKIIKVVK,6,KNWGKILKHIIK,0.53125,KNWKAILKHIIK,0.5771484375,WKKIWSKIKKLLK,0.8461538461538461,0.36922010113484716,CC[C@H](C)[C@H](NC(=O)[C@H](CCCCN)NC(=O)[C@H](CCCCN)NC(=O)[C@H](CCCCN)NC(=O)[C@H](Cc1c[nH]c2ccccc12)NC(=O)[C@H](CC(N)=O)NC(=O)[C@H](CCCCN)NC(=O)[C@@H](N)CCC(=O)O)C(=O)N[C@H](C(=O)N[C@@H](CCCCN)C(=O)N[C@H](C(=O)N[C@H](C(=O)N[C@@H](CCCCN)C(=O)O)[C@@H](C)CC)C(C)C)[C@@H](C)CC,[ 959134  721103   99402 ...  696992  356855 2207646],0.484
pdga_404683,NEWKKIKKIIKIVK,0.9942989945411682,0.9998798370361328,14,5,VNWKKILGKIIKVVK,7,LNWGAIKKHIIK,4,NVWKKILGKIIKVVK,5,VNWKKILKKIIKVAK,0.537109375,VNWKKILGKIIKVVK,0.5693359375,INWKKIKSIIKAAMN,0.8571428571428571,0.38251507675428525,CC[C@H](C)[C@H](NC(=O)[C@H](CCCCN)NC(=O)[C@H](CCCCN)NC(=O)[C@H](Cc1c[nH]c2ccccc12)NC(=O)[C@H](CCC(=O)O)NC(=O)[C@@H](N)CC(N)=O)C(=O)N[C@@H](CCCCN)C(=O)N[C@@H](CCCCN)C(=O)N[C@H](C(=O)N[C@H](C(=O)N[C@@H](CCCCN)C(=O)N[C@H](C(=O)N[C@H](C(=O)N[C@@H](CCCCN)C(=O)O)C(C)C)[C@@H](C)CC)[C@@H](C)CC)[C@@H](C)CC,[ 959134  175289   99402 ...  696992  356855 2068298],0.483
pdga_405202,NWKKILGKIDERAV,0.9928786158561707,0.9999885559082031,14,6,VNWKKILGKIIKVVK,7,WKKILSKIKKLLK,5,NVWKKILGKIIKVAK,5,VNWKKILGKIIKVAK,0.50390625,VNWKKILGKIIKVVK,0.6083984375,WKKILSKIKKLLK,0.8571428571428571,0.30463421322154854,CC[C@H](C)[C@H](NC(=O)[C@H](CCCCN)NC(=O)[C@H](CCCCN)NC(=O)[C@H](Cc1c[nH]c2ccccc12)NC(=O)[C@@H](N)CC(N)=O)C(=O)N[C@@H](CC(C)C)C(=O)NCC(=O)N[C@@H](CCCCN)C(=O)N[C@H](C(=O)N[C@@H](CC(=O)O)C(=O)N[C@@H](CCC(=O)O)C(=O)N[C@@H](CCCNC(=N)N)C(=O)N[C@@H](C)C(=O)N[C@H](C(=O)O)C(C)C)[C@@H](C)CC,[959134 175289  99402 ... 696992 894535 280610],0.483
pdga_405508,ANWKKKIGKVIKDIK,0.9957062602043152,1.0,15,6,VNWKKILGKIIKVVK,7,KNWGKILKHIIK,6,VNWKKVLGKIIKVAK,6,VNWKKVLGKVVKVVK,0.4189453125,VNWKKILGKIIKVVK,0.6083984375,KWKKFKKIGAVLKKL,0.8666666666666667,0.37562937838849303,CC[C@H](C)[C@H](NC(=O)[C@H](CCCCN)NC(=O)[C@H](CCCCN)NC(=O)[C@H](CCCCN)NC(=O)[C@H](Cc1c[nH]c2ccccc12)NC(=O)[C@H](CC(N)=O)NC(=O)[C@H](C)N)C(=O)NCC(=O)N[C@@H](CCCCN)C(=O)N[C@H](C(=O)N[C@H](C(=O)N[C@@H](CCCCN)C(=O)N[C@@H](CC(=O)O)C(=O)N[C@H](C(=O)N[C@@H](CCCCN)C(=O)O)[C@@H](C)CC)[C@@H](C)CC)C(C)C,[ 959134  175289   99402 ...  696992  586471 1284830],0.385
pdga_407939,ANWKKIKKIVKVIK,0.9964913725852966,0.9999990463256836,14,5,VNWKKILGKIIKVVK,7,LNWGAIKKHIIK,4,VNWKKILKKIIKVVK,4,VNWKKILKKIIKVAK,0.5625,WKLFKKILKVL,0.552734375,INWKKIKSIIKAAMN,0.8571428571428571,0.3603160216238565,CC[C@H](C)[C@H](NC(=O)[C@H](CCCCN)NC(=O)[C@H](CCCCN)NC(=O)[C@H](Cc1c[nH]c2ccccc12)NC(=O)[C@H](CC(N)=O)NC(=O)[C@H](C)N)C(=O)N[C@@H](CCCCN)C(=O)N[C@@H](CCCCN)C(=O)N[C@H](C(=O)N[C@H](C(=O)N[C@@H](CCCCN)C(=O)N[C@H](C(=O)N[C@H](C(=O)N[C@@H](CCCCN)C(=O)O)[C@@H](C)CC)C(C)C)C(C)C)[C@@H](C)CC,[ 959134  175289   99402 ...  696992  356855 2068298],0.47200000000000003
pdga_411026,NWKKILGKVIDDMKM,0.9997435212135315,0.9998321533203125,15,6,VNWKKILGKIIKVVK,8,KNWGKILKHIIK,6,NVWKKILGKIIKVAK,6,VNWKKILGKIIKVAK,0.4931640625,VNWKKILGKIIKVVK,0.6240234375,INWKKIKSIIKAAMN,0.8666666666666667,0.32089207723645463,CC[C@H](C)[C@H](NC(=O)[C@H](CCCCN)NC(=O)[C@H](CCCCN)NC(=O)[C@H](Cc1c[nH]c2ccccc12)NC(=O)[C@@H](N)CC(N)=O)C(=O)N[C@@H](CC(C)C)C(=O)NCC(=O)N[C@@H](CCCCN)C(=O)N[C@H](C(=O)N[C@H](C(=O)N[C@@H](CC(=O)O)C(=O)N[C@@H](CC(=O)O)C(=O)N[C@@H](CCSC)C(=O)N[C@@H](CCCCN)C(=O)N[C@@H](CCSC)C(=O)O)[C@@H](C)CC)C(C)C,[616470 175289  99402 ... 696992 356855 192272],0.45299999999999996
pdga_411947,SNVWKKIVKVIK,0.9972676634788513,0.9999942183494568,12,6,LNWKAILKHIIK,6,KNWGKILKHIIK,6,IVKKKVKKVIKL,6,KNWGKILKHIIK,0.55859375,KNWKAILKHIIK,0.5712890625,WKKIWSKIKKLLK,0.8333333333333334,0.4902767012468087,CC[C@H](C)[C@H](NC(=O)[C@H](CCCCN)NC(=O)[C@H](CCCCN)NC(=O)[C@H](Cc1c[nH]c2ccccc12)NC(=O)[C@@H](NC(=O)[C@H](CC(N)=O)NC(=O)[C@@H](N)CO)C(C)C)C(=O)N[C@H](C(=O)N[C@@H](CCCCN)C(=O)N[C@H](C(=O)N[C@H](C(=O)N[C@@H](CCCCN)C(=O)O)[C@@H](C)CC)C(C)C)C(C)C,[ 959134  258185   99402 ...  696992 1382711 2207646],0.544
pdga_417870,VNEWKKKIIKVIK,0.9951648712158203,0.9999747276306152,13,5,VNWKKILGKIIKVVK,7,KNWGKILKHIIK,5,VNWKKVLGKIIKVAK,5,VNWKKVLAKIIKVAK,0.533203125,IKKWLSKIKKLLK,0.5703125,IKKIWSKIKKLWK,0.8461538461538461,0.4284330549373981,CC[C@H](C)[C@H](NC(=O)[C@H](CCCCN)NC(=O)[C@H](CCCCN)NC(=O)[C@H](CCCCN)NC(=O)[C@H](Cc1c[nH]c2ccccc12)NC(=O)[C@H](CCC(=O)O)NC(=O)[C@H](CC(N)=O)NC(=O)[C@@H](N)C(C)C)C(=O)N[C@H](C(=O)N[C@@H](CCCCN)C(=O)N[C@H](C(=O)N[C@H](C(=O)N[C@@H](CCCCN)C(=O)O)[C@@H](C)CC)C(C)C)[C@@H](C)CC,[ 959134  721103   99402 ...  696992  586471 2207646],0.491
pdga_420101,NWKKILGRWIC,0.9995256662368774,0.9999537467956543,11,6,LNWKAILKHIIK,6,KNWGKILKHIIK,5,WSKILGHLIR,4,VNWKKILGKI,0.60546875,VNWKKILGKIIKVVK,0.6474609375,KNWGKILKHIIK,0.8181818181818182,0.3766150179528218,CC[C@H](C)[C@H](NC(=O)[C@H](CCCCN)NC(=O)[C@H](CCCCN)NC(=O)[C@H](Cc1c[nH]c2ccccc12)NC(=O)[C@@H](N)CC(N)=O)C(=O)N[C@@H](CC(C)C)C(=O)NCC(=O)N[C@@H](CCCNC(=N)N)C(=O)N[C@@H](Cc1c[nH]c2ccccc12)C(=O)N[C@H](C(=O)N[C@@H](CS)C(=O)O)[C@@H](C)CC,[ 959134 3259946   99402 ...  696992   61383  280610],0.585
pdga_423440,KNWKKILKMICEV,0.9988958239555359,0.9999937415122986,13,5,KNWKAILKHIIK,5,KNWGKILKHIIK,5,KNWKAILKHIIK,5,KNWGKILKHIIK,0.53515625,KNWKAILKHIIK,0.583984375,KNWGKILKHIIK,0.8461538461538461,0.47134222951359056,CC[C@H](C)[C@H](NC(=O)[C@H](CCCCN)NC(=O)[C@H](CCCCN)NC(=O)[C@H](Cc1c[nH]c2ccccc12)NC(=O)[C@H](CC(N)=O)NC(=O)[C@@H](N)CCCCN)C(=O)N[C@@H](CC(C)C)C(=O)N[C@@H](CCCCN)C(=O)N[C@@H](CCSC)C(=O)N[C@H](C(=O)N[C@@H](CS)C(=O)N[C@@H](CCC(=O)O)C(=O)N[C@H](C(=O)O)C(C)C)[C@@H](C)CC,[ 959134  721103   99402 ...  696992 1382711 2068298],0.58
pdga_429087,DNWKKIKKCIKVAK,0.9956269264221191,1.0,14,5,VNWKKILGKIIKVVK,6,INWKKIKSIIKAAMN,4,VNWKKVLKKIIKVAK,3,VNWKKILKKIIKVAK,0.5830078125,VNWKKILGKIIKVVK,0.5703125,INWKKIKSIIKAAMN,0.8571428571428571,0.33402008408536493,CC[C@H](C)[C@H](NC(=O)[C@H](CCCCN)NC(=O)[C@H](CCCCN)NC(=O)[C@H](Cc1c[nH]c2ccccc12)NC(=O)[C@H](CC(N)=O)NC(=O)[C@@H](N)CC(=O)O)C(=O)N[C@@H](CCCCN)C(=O)N[C@@H](CCCCN)C(=O)N[C@@H](CS)C(=O)N[C@H](C(=O)N[C@@H](CCCCN)C(=O)N[C@H](C(=O)N[C@@H](C)C(=O)N[C@@H](CCCCN)C(=O)O)C(C)C)[C@@H](C)CC,[ 959134  175289   59082 ...  696992  356855 2068298],0.536
pdga_433231,ANWKKIKKVIKIVK,0.9990575313568115,1.0,14,5,VNWKKILGKIIKVVK,6,LNWGAIKKHIIK,4,VNWKKILKKIIKVVK,5,VNWKKILKKIIKVAK,0.5263671875,VNWKKILGKIIKVVK,0.552734375,INWKKIKSIIKAAMN,0.8571428571428571,0.34016611890965603,CC[C@H](C)[C@H](NC(=O)[C@H](CCCCN)NC(=O)[C@H](CCCCN)NC(=O)[C@H](Cc1c[nH]c2ccccc12)NC(=O)[C@H](CC(N)=O)NC(=O)[C@H](C)N)C(=O)N[C@@H](CCCCN)C(=O)N[C@@H](CCCCN)C(=O)N[C@H](C(=O)N[C@H](C(=O)N[C@@H](CCCCN)C(=O)N[C@H](C(=O)N[C@H](C(=O)N[C@@H](CCCCN)C(=O)O)C(C)C)[C@@H](C)CC)[C@@H](C)CC)C(C)C,[ 959134  175289   99402 ...  696992  356855 1689840],0.455
pdga_433542,KANWKKVIKVIK,0.9949777126312256,0.9999995231628418,12,6,KLWKKWKKWKK,6,KLWKKWKKWLK,6,IVKKKVKKVIKL,5,KLWKIVVIKVWK,0.5048828125,KNWKAILKHIIK,0.5712890625,WKKIWSKIKKLLK,0.8333333333333334,0.37120385856450683,CC[C@H](C)[C@H](NC(=O)[C@@H](NC(=O)[C@H](CCCCN)NC(=O)[C@@H](NC(=O)[C@@H](NC(=O)[C@H](CCCCN)NC(=O)[C@H](CCCCN)NC(=O)[C@H](Cc1c[nH]c2ccccc12)NC(=O)[C@H](CC(N)=O)NC(=O)[C@H](C)NC(=O)[C@@H](N)CCCCN)C(C)C)[C@@H](C)CC)C(C)C)C(=O)N[C@@H](CCCCN)C(=O)O,[ 959134  721103   99402 ...  696992 1486951 2207646],0.513
pdga_435608,ANWKKKIIKAVK,0.9951122403144836,1.0,12,5,VNWKKILGKIIKVVK,6,INWKKIKSIIKAAMN,5,VNWKKILGKIIKVVK,5,VNWKKVLAKIIKVVK,0.552734375,KNWKAILKHIIK,0.5986328125,WKKIWSKIKKLLK,0.8333333333333334,0.36599559052725944,CC[C@H](C)[C@H](NC(=O)[C@H](CCCCN)NC(=O)[C@H](CCCCN)NC(=O)[C@H](CCCCN)NC(=O)[C@H](Cc1c[nH]c2ccccc12)NC(=O)[C@H](CC(N)=O)NC(=O)[C@H](C)N)C(=O)N[C@H](C(=O)N[C@@H](CCCCN)C(=O)N[C@@H](C)C(=O)N[C@H](C(=O)N[C@@H](CCCCN)C(=O)O)C(C)C)[C@@H](C)CC,[ 959134  721103   99402 ...  696992 1382711 2068298],0.507
pdga_441714,KWKKILKKIVKIVK,0.9992659091949463,0.9999308586120605,14,5,VNWKKILGKIIKVVK,5,WKKILSKIKKLLK,3,KNWKKILKKIIKVVK,5,VNWKKILKKIIKVAK,0.40234375,VNWKKILGKIIKVVK,0.384765625,WKKILSKIKKLLK,0.8571428571428571,0.5048278406518559,CC[C@H](C)[C@H](NC(=O)[C@H](CCCCN)NC(=O)[C@H](CCCCN)NC(=O)[C@H](Cc1c[nH]c2ccccc12)NC(=O)[C@@H](N)CCCCN)C(=O)N[C@@H](CC(C)C)C(=O)N[C@@H](CCCCN)C(=O)N[C@@H](CCCCN)C(=O)N[C@H](C(=O)N[C@H](C(=O)N[C@@H](CCCCN)C(=O)N[C@H](C(=O)N[C@H](C(=O)N[C@@H](CCCCN)C(=O)O)C(C)C)[C@@H](C)CC)C(C)C)[C@@H](C)CC,[ 959134  175289   99402 ...  696992 1382711 2068298],0.299
pdga_442757,KNWRKKIGKVIKIVK,0.9930275082588196,0.9999971389770508,15,5,VNWKKILGKIIKVVK,6,KNWGKILKHIIK,4,KNWKKILGKIIKVVK,6,VNWKKVLGKVVKVVK,0.453125,VNWKKILGKIIKVVK,0.62890625,KKKKWKLFKKIGIGKFL,0.8666666666666667,0.41518746530548994,CC[C@H](C)[C@H](NC(=O)[C@H](CCCCN)NC(=O)[C@H](CCCCN)NC(=O)[C@H](CCCNC(=N)N)NC(=O)[C@H](Cc1c[nH]c2ccccc12)NC(=O)[C@H](CC(N)=O)NC(=O)[C@@H](N)CCCCN)C(=O)NCC(=O)N[C@@H](CCCCN)C(=O)N[C@H](C(=O)N[C@H](C(=O)N[C@@H](CCCCN)C(=O)N[C@H](C(=O)N[C@H](C(=O)N[C@@H](CCCCN)C(=O)O)C(C)C)[C@@H](C)CC)[C@@H](C)CC)C(C)C,[ 959134  175289   99402 ...  696992  356855 1402690],0.39799999999999996
pdga_442767,VNWQKKIVKIVK,0.9972648024559021,0.9999980330467224,12,6,LNWKAILKHIIK,6,KNWGKILKHIIK,6,LNWKAILKHIIK,5,VNWKKILGKI,0.5361328125,VNWKKILGKIIKVVK,0.61328125,KNWGKILKHIIK,0.8333333333333334,0.3934892105007011,CC[C@H](C)[C@H](NC(=O)[C@H](CCCCN)NC(=O)[C@@H](NC(=O)[C@@H](NC(=O)[C@H](CCCCN)NC(=O)[C@H](CCCCN)NC(=O)[C@H](CCC(N)=O)NC(=O)[C@H](Cc1c[nH]c2ccccc12)NC(=O)[C@H](CC(N)=O)NC(=O)[C@@H](N)C(C)C)[C@@H](C)CC)C(C)C)C(=O)N[C@H](C(=O)N[C@@H](CCCCN)C(=O)O)C(C)C,[ 609104  721103   99402 ...  696992 1382711 2068298],0.479
pdga_450035,WRGKIGKIIKAVK,0.9981706142425537,0.9999961256980896,13,6,VNWKKILGKIIKVVK,7,WKKIWSKIKKLLK,6,ILGKIIKVVK,6,GKIIKVVK,0.5361328125,VNWKKILGKIIKVVK,0.630859375,WKKILSKIKKLLK,0.8461538461538461,0.30644857702285494,CC[C@H](C)[C@H](NC(=O)[C@H](CCCCN)NC(=O)CNC(=O)[C@H](CCCNC(=N)N)NC(=O)[C@@H](N)Cc1c[nH]c2ccccc12)C(=O)NCC(=O)N[C@@H](CCCCN)C(=O)N[C@H](C(=O)N[C@H](C(=O)N[C@@H](CCCCN)C(=O)N[C@@H](C)C(=O)N[C@H](C(=O)N[C@@H](CCCCN)C(=O)O)C(C)C)[C@@H](C)CC)[C@@H](C)CC,[ 341943  175289   99402 ...  696992  586471 2413080],0.502
pdga_451031,VANWKKKIIKAVK,0.9939178824424744,0.9999990463256836,13,5,VNWKKILGKIIKVVK,7,INWKKIKSIIKAAMN,5,VNWKKILGKIIKVVK,5,VNWKKVLAKIIKVVK,0.525390625,IKKWLSKIKKLLK,0.5888671875,WKKIWSKIKKLLK,0.8461538461538461,0.3786608400379766,CC[C@H](C)[C@H](NC(=O)[C@H](CCCCN)NC(=O)[C@H](CCCCN)NC(=O)[C@H](CCCCN)NC(=O)[C@H](Cc1c[nH]c2ccccc12)NC(=O)[C@H](CC(N)=O)NC(=O)[C@H](C)NC(=O)[C@@H](N)C(C)C)C(=O)N[C@H](C(=O)N[C@@H](CCCCN)C(=O)N[C@@H](C)C(=O)N[C@H](C(=O)N[C@@H](CCCCN)C(=O)O)C(C)C)[C@@H](C)CC,[ 341943  721103   99402 ...  696992 1382711 2068298],0.478
pdga_451659,VHWKKVKKIIKAVK,0.9990705847740173,0.9999542832374573,14,5,VNWKKILGKIIKVVK,7,KKWKKWKKWKK,4,VNWKKVLKKIIKVAK,4,VNWKKVLAKIIKVVK,0.5751953125,WKLFKKILKVL,0.587890625,WKKIWSKIKKLLK,0.8571428571428571,0.34979805946727566,CC[C@H](C)[C@H](NC(=O)[C@H](CCCCN)NC(=O)[C@H](CCCCN)NC(=O)[C@@H](NC(=O)[C@H](CCCCN)NC(=O)[C@H](CCCCN)NC(=O)[C@H](Cc1c[nH]c2ccccc12)NC(=O)[C@H](Cc1c[nH]cn1)NC(=O)[C@@H](N)C(C)C)C(C)C)C(=O)N[C@H](C(=O)N[C@@H](CCCCN)C(=O)N[C@@H](C)C(=O)N[C@H](C(=O)N[C@@H](CCCCN)C(=O)O)C(C)C)[C@@H](C)CC,[ 959134  756812   99402 ...  696992 1382711 2068298],0.526
pdga_452670,NWKKILGKISDLC,0.9976081848144531,0.999997615814209,13,6,VNWKKILGKIIKVVK,6,WKKILSKIKKLLK,6,INWKKIFEKVSNLV,5,VNWKKILGKI,0.53125,VNWKKILGKIIKVVK,0.556640625,WKKILSKIKKLLK,0.8461538461538461,0.3389869742468613,CC[C@H](C)[C@H](NC(=O)[C@H](CCCCN)NC(=O)[C@H](CCCCN)NC(=O)[C@H](Cc1c[nH]c2ccccc12)NC(=O)[C@@H](N)CC(N)=O)C(=O)N[C@@H](CC(C)C)C(=O)NCC(=O)N[C@@H](CCCCN)C(=O)N[C@H](C(=O)N[C@@H](CO)C(=O)N[C@@H](CC(=O)O)C(=O)N[C@@H](CC(C)C)C(=O)N[C@@H](CS)C(=O)O)[C@@H](C)CC,[ 959134  175289   99402 ...  696992 1370695 1645570],0.499
pdga_461399,KNWKKIGKIIHKIIK,0.998986005783081,0.9999728202819824,15,5,KNWKAILKHIIK,5,KNWGKILKHIIK,4,KNWKKILGKIIKVVK,5,KNWGKILKHIIK,0.5107421875,KNWKAILKHIIK,0.48828125,KNWGKILKHIIK,0.8666666666666667,0.5385925483781978,CC[C@H](C)[C@H](NC(=O)[C@H](CCCCN)NC(=O)[C@H](CCCCN)NC(=O)[C@H](Cc1c[nH]c2ccccc12)NC(=O)[C@H](CC(N)=O)NC(=O)[C@@H](N)CCCCN)C(=O)NCC(=O)N[C@@H](CCCCN)C(=O)N[C@H](C(=O)N[C@H](C(=O)N[C@@H](Cc1c[nH]cn1)C(=O)N[C@@H](CCCCN)C(=O)N[C@H](C(=O)N[C@H](C(=O)N[C@@H](CCCCN)C(=O)O)[C@@H](C)CC)[C@@H](C)CC)[C@@H](C)CC)[C@@H](C)CC,[ 959134  721103   99402 ...  696992  356855 2068298],0.45899999999999996
pdga_461605,NWKKILGKILDHLAC,0.9988797903060913,0.9999346733093262,15,7,VNWKKILGKIIKVVK,7,WKKILSKIKKLLK,6,NVWKKILGKIIKVAK,6,VNWKKILGKIIKVAK,0.5732421875,VNWKKILGKIIKVVK,0.6162109375,WKKILSKIKKLLK,0.8666666666666667,0.3322282157360581,CC[C@H](C)[C@H](NC(=O)[C@H](CCCCN)NC(=O)[C@H](CCCCN)NC(=O)[C@H](Cc1c[nH]c2ccccc12)NC(=O)[C@@H](N)CC(N)=O)C(=O)N[C@@H](CC(C)C)C(=O)NCC(=O)N[C@@H](CCCCN)C(=O)N[C@H](C(=O)N[C@@H](CC(C)C)C(=O)N[C@@H](CC(=O)O)C(=O)N[C@@H](Cc1c[nH]cn1)C(=O)N[C@@H](CC(C)C)C(=O)N[C@@H](C)C(=O)N[C@@H](CS)C(=O)O)[C@@H](C)CC,[ 505114  175289   99402 ...  696992  972151 1645570],0.57
pdga_461672,KWKKILKIIKVIRK,0.9983145594596863,0.9999909400939941,14,5,VNWKKILGKIIKVVK,6,KNWGKILKHIIK,4,KNWKKILGKIIKVVK,5,VNWKKILGKIIKVAK,0.5400390625,KRIVKLIKKWLR,0.5146484375,WKKILSKIKKLLK,0.8571428571428571,0.375675114809451,CC[C@H](C)[C@H](NC(=O)[C@H](CCCCN)NC(=O)[C@H](CCCCN)NC(=O)[C@H](Cc1c[nH]c2ccccc12)NC(=O)[C@@H](N)CCCCN)C(=O)N[C@@H](CC(C)C)C(=O)N[C@@H](CCCCN)C(=O)N[C@H](C(=O)N[C@H](C(=O)N[C@@H](CCCCN)C(=O)N[C@H](C(=O)N[C@H](C(=O)N[C@@H](CCCNC(=N)N)C(=O)N[C@@H](CCCCN)C(=O)O)[C@@H](C)CC)C(C)C)[C@@H](C)CC)[C@@H](C)CC,[959134 175289  21952 ... 696992 356855 280610],0.45399999999999996
pdga_467800,NDWKKILGKIVK,0.9994320273399353,1.0,12,5,VNWKKILGKIIKVVK,6,KNWGKILKHIIK,4,NVWKKILGKIIKVAK,4,VNWKKILGKI,0.439453125,VNWKKILGKIIKVVK,0.529296875,KNWGKILKHIIK,0.8333333333333334,0.4552154032834194,CC[C@H](C)[C@H](NC(=O)[C@H](CCCCN)NC(=O)[C@H](CCCCN)NC(=O)[C@H](Cc1c[nH]c2ccccc12)NC(=O)[C@H](CC(=O)O)NC(=O)[C@@H](N)CC(N)=O)C(=O)N[C@@H](CC(C)C)C(=O)NCC(=O)N[C@@H](CCCCN)C(=O)N[C@H](C(=O)N[C@H](C(=O)N[C@@H](CCCCN)C(=O)O)C(C)C)[C@@H](C)CC,[ 959134  354556   99402 ...  696992  764343 1138370],0.43200000000000005
pdga_468565,NWKKVLKKIRR,0.9950154423713684,0.9999274611473083,11,6,LLKKLLKK,6,KKWLKKWLK,6,LLKKLLKK,5,VNWKKILGKI,0.5400390625,KRIVKLIKKWLR,0.568359375,RWKRIVVIRKRR,0.8181818181818182,0.5699041538452719,CC[C@H](C)[C@H](NC(=O)[C@H](CCCCN)NC(=O)[C@H](CCCCN)NC(=O)[C@H](CC(C)C)NC(=O)[C@@H](NC(=O)[C@H](CCCCN)NC(=O)[C@H](CCCCN)NC(=O)[C@H](Cc1c[nH]c2ccccc12)NC(=O)[C@@H](N)CC(N)=O)C(C)C)C(=O)N[C@@H](CCCNC(=N)N)C(=O)N[C@@H](CCCNC(=N)N)C(=O)O,[ 959134  721103   99402 ...  696992 1709655  280610],0.5479999999999999
pdga_474422,ANWKCLKKVIKIVK,0.9996560215950012,0.9999933242797852,14,6,VNWKKILGKIIKVVK,7,LNWGAIKKHIIK,5,VNWKKILKKIIKVVK,6,VNWKKVLGKVVKVVK,0.564453125,WKLFKKILKVL,0.5947265625,WKKIWSKIKKLLK,0.8571428571428571,0.35885103782169125,CC[C@H](C)[C@H](NC(=O)[C@H](CCCCN)NC(=O)[C@@H](NC(=O)[C@@H](NC(=O)[C@H](CCCCN)NC(=O)[C@H](CCCCN)NC(=O)[C@H](CC(C)C)NC(=O)[C@H](CS)NC(=O)[C@H](CCCCN)NC(=O)[C@H](Cc1c[nH]c2ccccc12)NC(=O)[C@H](CC(N)=O)NC(=O)[C@H](C)N)C(C)C)[C@@H](C)CC)C(=O)N[C@H](C(=O)N[C@@H](CCCCN)C(=O)O)C(C)C,[ 959134  721103   99402 ...  696992  356855 1054132],0.504
pdga_484502,NWKKIDKIVKIVK,0.9957931637763977,0.9998745918273926,13,5,VNWKKILGKIIKVVK,6,WKKIWSKIKKLLK,5,VNWKKILGKIIKVVK,6,INWKKIASIGKEV,0.5576171875,IKWKAILDAVKKVI,0.5986328125,WKKIWSKIKKLLK,0.8461538461538461,0.3639243649213028,CC[C@H](C)[C@H](NC(=O)[C@H](CCCCN)NC(=O)[C@H](CCCCN)NC(=O)[C@H](Cc1c[nH]c2ccccc12)NC(=O)[C@@H](N)CC(N)=O)C(=O)N[C@@H](CC(=O)O)C(=O)N[C@@H](CCCCN)C(=O)N[C@H](C(=O)N[C@H](C(=O)N[C@@H](CCCCN)C(=O)N[C@H](C(=O)N[C@H](C(=O)N[C@@H](CCCCN)C(=O)O)C(C)C)[C@@H](C)CC)C(C)C)[C@@H](C)CC,[ 959134  175289   99402 ...  696992  356855 2068298],0.49700000000000005
pdga_490553,MWATTYLKKIIKVVK,0.9962203502655029,0.9999923706054688,15,7,VNWKKILGKIIKVVK,9,WKKILSKIKKLLK,6,VNWKKILKKIIKVVK,7,VNWKKILKKIIKVAK,0.578125,ALWKTLLKKVLKAAAK,0.6796875,KWKLFKKIPLKKF,0.8666666666666667,0.3371154652234894,CC[C@H](C)[C@H](NC(=O)[C@H](CCCCN)NC(=O)[C@H](CCCCN)NC(=O)[C@H](CC(C)C)NC(=O)[C@H](Cc1ccc(O)cc1)NC(=O)[C@@H](NC(=O)[C@@H](NC(=O)[C@H](C)NC(=O)[C@H](Cc1c[nH]c2ccccc12)NC(=O)[C@@H](N)CCSC)[C@@H](C)O)[C@@H](C)O)C(=O)N[C@H](C(=O)N[C@@H](CCCCN)C(=O)N[C@H](C(=O)N[C@H](C(=O)N[C@@H](CCCCN)C(=O)O)C(C)C)C(C)C)[C@@H](C)CC,[948413 721103  99402 ... 696992 586471 832672],0.6
pdga_492565,SNWKKKIVKIVK,0.993486225605011,0.9999985694885254,12,6,LNWKAILKHIIK,6,KNWGKILKHIIK,6,LNWKAILKHIIK,6,VNWKKVLGKVVKVVK,0.5205078125,IKKWLSKIKKLLK,0.5712890625,WKKILSKIKKLLK,0.8333333333333334,0.4070409469877237,CC[C@H](C)[C@H](NC(=O)[C@H](CCCCN)NC(=O)[C@@H](NC(=O)[C@@H](NC(=O)[C@H](CCCCN)NC(=O)[C@H](CCCCN)NC(=O)[C@H](CCCCN)NC(=O)[C@H](Cc1c[nH]c2ccccc12)NC(=O)[C@H](CC(N)=O)NC(=O)[C@@H](N)CO)[C@@H](C)CC)C(C)C)C(=O)N[C@H](C(=O)N[C@@H](CCCCN)C(=O)O)C(C)C,[ 959134  721103   99402 ...  696992 1382711 2068298],0.493
pdga_497857,KNKWKKVIKVIK,0.9935817122459412,0.9999871253967285,12,6,KLWKKWKKWKK,5,KKWKKWKKWKK,5,IVKKKVKKVIKL,5,KKWKKWKKWKK,0.533203125,KNWKAILKHIIK,0.560546875,WKKIWSKIKKLLK,0.8333333333333334,0.41534263774150215,CC[C@H](C)[C@H](NC(=O)[C@@H](NC(=O)[C@H](CCCCN)NC(=O)[C@@H](NC(=O)[C@@H](NC(=O)[C@H](CCCCN)NC(=O)[C@H](CCCCN)NC(=O)[C@H](Cc1c[nH]c2ccccc12)NC(=O)[C@H](CCCCN)NC(=O)[C@H](CC(N)=O)NC(=O)[C@@H](N)CCCCN)C(C)C)[C@@H](C)CC)C(C)C)C(=O)N[C@@H](CCCCN)C(=O)O,[ 959134  721103   99402 ...  696992 1486951 2207646],0.503
pdga_502724,DWHKIGKKVIKVIK,0.9927309155464172,1.0,14,7,VNWKKILGKIIKVVK,7,RWKIFKKIEKVG,6,VNWKKILKKIIKVVK,6,VNWKKILKKIIKVAK,0.5576171875,VNWKKILGKIIKVVK,0.6044921875,KNWGKILKHIIK,0.8571428571428571,0.46777590614932557,CC[C@H](C)[C@H](NC(=O)[C@H](CCCCN)NC(=O)[C@H](Cc1c[nH]cn1)NC(=O)[C@H](Cc1c[nH]c2ccccc12)NC(=O)[C@@H](N)CC(=O)O)C(=O)NCC(=O)N[C@@H](CCCCN)C(=O)N[C@@H](CCCCN)C(=O)N[C@H](C(=O)N[C@H](C(=O)N[C@@H](CCCCN)C(=O)N[C@H](C(=O)N[C@H](C(=O)N[C@@H](CCCCN)C(=O)O)[C@@H](C)CC)C(C)C)[C@@H](C)CC)C(C)C,[ 959134  354556   99402 ...  696992  586471 1331586],0.491
pdga_511803,NDWTQKIIKVIK,0.9936461448669434,0.999997615814209,12,6,WFKIIKK,7,KNWGKILKHIIK,6,ILGKIIKVVK,6,GKIIKVVK,0.63671875,IKKWLSKIKKLLK,0.66015625,IKKIWSKIKKLWK,0.8333333333333334,0.43892303444668274,CC[C@H](C)[C@H](NC(=O)[C@H](CCCCN)NC(=O)[C@H](CCC(N)=O)NC(=O)[C@@H](NC(=O)[C@H](Cc1c[nH]c2ccccc12)NC(=O)[C@H](CC(=O)O)NC(=O)[C@@H](N)CC(N)=O)[C@@H](C)O)C(=O)N[C@H](C(=O)N[C@@H](CCCCN)C(=O)N[C@H](C(=O)N[C@H](C(=O)N[C@@H](CCCCN)C(=O)O)[C@@H](C)CC)C(C)C)[C@@H](C)CC,[ 609104  354556    1371 ...   52894  586471 1167252],0.599
pdga_512746,VNVWKKIGRLVKIVK,0.9987941384315491,0.9999957084655762,15,6,VNWKKILGKIIKVVK,8,KNWGKILKHIIK,6,VNWKKILGKIIKVVK,6,VNWKKVLGKVVKVVK,0.5234375,VNWKKILGKIIKVVK,0.595703125,KWKKFKKIGAVLKVL,0.8666666666666667,0.3948419168590762,CC[C@H](C)[C@H](NC(=O)[C@H](CCCCN)NC(=O)[C@H](CCCCN)NC(=O)[C@H](Cc1c[nH]c2ccccc12)NC(=O)[C@@H](NC(=O)[C@H](CC(N)=O)NC(=O)[C@@H](N)C(C)C)C(C)C)C(=O)NCC(=O)N[C@@H](CCCNC(=N)N)C(=O)N[C@@H](CC(C)C)C(=O)N[C@H](C(=O)N[C@@H](CCCCN)C(=O)N[C@H](C(=O)N[C@H](C(=O)N[C@@H](CCCCN)C(=O)O)C(C)C)[C@@H](C)CC)C(C)C,[ 959134  175289   99402 ...  696992 1222455   94104],0.456
pdga_514815,NWKKILGRLKS,0.9971442222595215,0.999931812286377,11,6,LLKKLLKK,7,WLLKW,5,WSKILGHLIR,4,VNWKKILGKI,0.6162109375,WKLFKKILKKL,0.63671875,WKKILSKIKKLLK,0.8181818181818182,0.34739808576119,CC[C@H](C)[C@H](NC(=O)[C@H](CCCCN)NC(=O)[C@H](CCCCN)NC(=O)[C@H](Cc1c[nH]c2ccccc12)NC(=O)[C@@H](N)CC(N)=O)C(=O)N[C@@H](CC(C)C)C(=O)NCC(=O)N[C@@H](CCCNC(=N)N)C(=O)N[C@@H](CC(C)C)C(=O)N[C@@H](CCCCN)C(=O)N[C@@H](CO)C(=O)O,[ 959134  198071   99402 ...  696992   61383 1099272],0.593
pdga_514972,DNWKKIKKIVKIVK,0.9983826875686646,0.9999995231628418,14,5,VNWKKILGKIIKVVK,7,LNWGAIKKHIIK,4,VNWKKILKKIIKVVK,5,VNWKKILKKIIKVAK,0.5830078125,WKLFKKILKVL,0.5986328125,INWKKIKSIIKAAMN,0.8571428571428571,0.3770584178405981,CC[C@H](C)[C@H](NC(=O)[C@H](CCCCN)NC(=O)[C@H](CCCCN)NC(=O)[C@H](Cc1c[nH]c2ccccc12)NC(=O)[C@H](CC(N)=O)NC(=O)[C@@H](N)CC(=O)O)C(=O)N[C@@H](CCCCN)C(=O)N[C@@H](CCCCN)C(=O)N[C@H](C(=O)N[C@H](C(=O)N[C@@H](CCCCN)C(=O)N[C@H](C(=O)N[C@H](C(=O)N[C@@H](CCCCN)C(=O)O)C(C)C)[C@@H](C)CC)C(C)C)[C@@H](C)CC,[ 959134  175289   59082 ...  696992  356855 2068298],0.496
pdga_538739,NWKKILGKMRRLVK,0.9949523210525513,0.9999475479125977,14,5,VNWKKILGKIIKVVK,6,WKKILSKIKKLLK,5,VNWKKILGKIIKVVK,6,VNWKKVLGKVVKVVK,0.5,VNWKKILGKIIKVVK,0.6005859375,WKKILSKIKKLLK,0.8571428571428571,0.4491738916176113,CC[C@H](C)[C@H](NC(=O)[C@H](CCCCN)NC(=O)[C@H](CCCCN)NC(=O)[C@H](Cc1c[nH]c2ccccc12)NC(=O)[C@@H](N)CC(N)=O)C(=O)N[C@@H](CC(C)C)C(=O)NCC(=O)N[C@@H](CCCCN)C(=O)N[C@@H](CCSC)C(=O)N[C@@H](CCCNC(=N)N)C(=O)N[C@@H](CCCNC(=N)N)C(=O)N[C@@H](CC(C)C)C(=O)N[C@H](C(=O)N[C@@H](CCCCN)C(=O)O)C(C)C,[ 959134  175289   99402 ...  696992 1709655  280610],0.503
pdga_539039,NWKKILKILGDIC,0.9988374710083008,0.9999909400939941,13,7,LNWKAILKHIIK,7,KNWGKILKHIIK,7,INWLKLGKKILGAI,6,VNWKKILGKI,0.59375,VNWKKILGKIIKVVK,0.634765625,WKKILSKIKKLLK,0.8461538461538461,0.3845122060555874,CC[C@H](C)[C@H](NC(=O)[C@H](CCCCN)NC(=O)[C@H](CC(C)C)NC(=O)[C@@H](NC(=O)[C@H](CCCCN)NC(=O)[C@H](CCCCN)NC(=O)[C@H](Cc1c[nH]c2ccccc12)NC(=O)[C@@H](N)CC(N)=O)[C@@H](C)CC)C(=O)N[C@@H](CC(C)C)C(=O)NCC(=O)N[C@@H](CC(=O)O)C(=O)N[C@H](C(=O)N[C@@H](CS)C(=O)O)[C@@H](C)CC,[ 959134  175289   99402 ...  696992  972151 1402690],0.522
pdga_552983,VNNWKKIIKNVK,0.9986638426780701,0.9999875426292419,12,6,VNWKKILGKIIKVVK,7,KLWKKWKKWLK,6,ILGKIIKVVK,6,VNWKKILG,0.578125,VNWKKILGKIIKVVK,0.6025390625,INWKKIKSIIKAAMN,0.8333333333333334,0.43139358617816964,CC[C@H](C)[C@H](NC(=O)[C@H](CCCCN)NC(=O)[C@H](CCCCN)NC(=O)[C@H](Cc1c[nH]c2ccccc12)NC(=O)[C@H](CC(N)=O)NC(=O)[C@H](CC(N)=O)NC(=O)[C@@H](N)C(C)C)C(=O)N[C@H](C(=O)N[C@@H](CCCCN)C(=O)N[C@@H](CC(N)=O)C(=O)N[C@H](C(=O)N[C@@H](CCCCN)C(=O)O)C(C)C)[C@@H](C)CC,[ 959134  756812   99402 ...  696992 1382711 2207646],0.522
pdga_555888,ANWKKIKKVIKVIK,0.9972550272941589,0.9999980330467224,14,5,VNWKKILGKIIKVVK,6,LNWGAIKKHIIK,4,VNWKKILKKIIKVVK,4,VNWKKILKKIIKVAK,0.5341796875,VNWKKILGKIIKVVK,0.5595703125,INWKKIKSIIKAAMN,0.8571428571428571,0.3551014495864532,CC[C@H](C)[C@H](NC(=O)[C@H](CCCCN)NC(=O)[C@H](CCCCN)NC(=O)[C@H](Cc1c[nH]c2ccccc12)NC(=O)[C@H](CC(N)=O)NC(=O)[C@H](C)N)C(=O)N[C@@H](CCCCN)C(=O)N[C@@H](CCCCN)C(=O)N[C@H](C(=O)N[C@H](C(=O)N[C@@H](CCCCN)C(=O)N[C@H](C(=O)N[C@H](C(=O)N[C@@H](CCCCN)C(=O)O)[C@@H](C)CC)C(C)C)[C@@H](C)CC)C(C)C,[ 959134  175289   99402 ...  696992  356855 1689840],0.46
pdga_558519,RKWKKKIIKVIK,0.9942963719367981,0.9999813437461853,12,6,WKLFKKILKVL,6,KKWKKWKKWKK,4,RKKKIKIIKKII,6,GKIIKVVK,0.537109375,RKWRIVVIRVRR,0.56640625,KRIRKRIKKWKR,0.8333333333333334,0.5069540882738026,CC[C@H](C)[C@H](NC(=O)[C@H](CCCCN)NC(=O)[C@H](CCCCN)NC(=O)[C@H](CCCCN)NC(=O)[C@H](Cc1c[nH]c2ccccc12)NC(=O)[C@H](CCCCN)NC(=O)[C@@H](N)CCCNC(=N)N)C(=O)N[C@H](C(=O)N[C@@H](CCCCN)C(=O)N[C@H](C(=O)N[C@H](C(=O)N[C@@H](CCCCN)C(=O)O)[C@@H](C)CC)C(C)C)[C@@H](C)CC,[ 959134  721103   99402 ...  696992  586471 2207646],0.501
pdga_560699,NWKKIVHKIVK,0.9945749640464783,1.0,11,6,LNWGAILKHKIK,6,KNWGKILKHIIK,5,KWVKKWVKKWVK,5,VNWKKILGKI,0.4453125,KNWKAILKHIIK,0.5126953125,KNWGKILKHIIK,0.8181818181818182,0.47789312160598657,CC[C@H](C)[C@H](NC(=O)[C@H](CCCCN)NC(=O)[C@H](Cc1c[nH]cn1)NC(=O)[C@@H](NC(=O)[C@@H](NC(=O)[C@H](CCCCN)NC(=O)[C@H](CCCCN)NC(=O)[C@H](Cc1c[nH]c2ccccc12)NC(=O)[C@@H](N)CC(N)=O)[C@@H](C)CC)C(C)C)C(=O)N[C@H](C(=O)N[C@@H](CCCCN)C(=O)O)C(C)C,[ 959134  721103   99402 ...  696992 1382711 2068298],0.51
pdga_564619,VVNNWKKKIIKVIK,0.9946743249893188,0.9999265670776367,14,6,VNWKKILGKIIKVVK,8,KNWGKILKHIIK,6,VNWKKVLGKIIKVAK,6,VNWKKVLAKIIKVAK,0.5048828125,VNWKKILGKIIKVVK,0.5869140625,IKKIWSKIKKLWK,0.8571428571428571,0.4077334204114208,CC[C@H](C)[C@H](NC(=O)[C@H](CCCCN)NC(=O)[C@H](CCCCN)NC(=O)[C@H](CCCCN)NC(=O)[C@H](Cc1c[nH]c2ccccc12)NC(=O)[C@H](CC(N)=O)NC(=O)[C@H](CC(N)=O)NC(=O)[C@@H](NC(=O)[C@@H](N)C(C)C)C(C)C)C(=O)N[C@H](C(=O)N[C@@H](CCCCN)C(=O)N[C@H](C(=O)N[C@H](C(=O)N[C@@H](CCCCN)C(=O)O)[C@@H](C)CC)C(C)C)[C@@H](C)CC,[ 959134  721103   99402 ...  696992  557943 2207646],0.43
pdga_566462,ANWKKIIKAVK,0.9937041997909546,1.0,11,5,WFKIIKK,6,KLWKKWKKWLK,5,ILGKIIKVVK,5,GKIIKVVK,0.5263671875,WKLFKKILKVL,0.59375,KKWKKWKKWKK,0.8181818181818182,0.37770487252230694,CC[C@H](C)[C@H](NC(=O)[C@H](CCCCN)NC(=O)[C@H](CCCCN)NC(=O)[C@H](Cc1c[nH]c2ccccc12)NC(=O)[C@H](CC(N)=O)NC(=O)[C@H](C)N)C(=O)N[C@H](C(=O)N[C@@H](CCCCN)C(=O)N[C@@H](C)C(=O)N[C@H](C(=O)N[C@@H](CCCCN)C(=O)O)C(C)C)[C@@H](C)CC,[ 959134  756812   99402 ...  696992 1382711 2207646],0.563
pdga_575097,NWKKILGKLCDFC,0.9959540963172913,0.9999990463256836,13,7,VNWKKILGKIIKVVK,8,LLKKLLKKLLKK,6,GMWKKILGKLIR,6,VNWKKILGKI,0.5966796875,VNWKKILGKIIKVVK,0.6484375,WKKILSKIKKLLK,0.8461538461538461,0.32868818459671445,CC[C@H](C)[C@H](NC(=O)[C@H](CCCCN)NC(=O)[C@H](CCCCN)NC(=O)[C@H](Cc1c[nH]c2ccccc12)NC(=O)[C@@H](N)CC(N)=O)C(=O)N[C@@H](CC(C)C)C(=O)NCC(=O)N[C@@H](CCCCN)C(=O)N[C@@H](CC(C)C)C(=O)N[C@@H](CS)C(=O)N[C@@H](CC(=O)O)C(=O)N[C@@H](Cc1ccccc1)C(=O)N[C@@H](CS)C(=O)O,[ 959134  175289   99402 ...  696992  972151 1645570],0.5489999999999999
pdga_578120,AANWKKKIIKVIK,0.9941645860671997,0.9999980330467224,13,6,VNWKKILGKIIKVVK,7,KNWGKILKHIIK,6,KILWKKKKILSIK,6,VNWKKVLAKIIKVAK,0.51171875,KNWKAILKHIIK,0.578125,WKKIWSKIKKLLK,0.8461538461538461,0.37741151223995245,CC[C@H](C)[C@H](NC(=O)[C@H](CCCCN)NC(=O)[C@H](CCCCN)NC(=O)[C@H](CCCCN)NC(=O)[C@H](Cc1c[nH]c2ccccc12)NC(=O)[C@H](CC(N)=O)NC(=O)[C@H](C)NC(=O)[C@H](C)N)C(=O)N[C@H](C(=O)N[C@@H](CCCCN)C(=O)N[C@H](C(=O)N[C@H](C(=O)N[C@@H](CCCCN)C(=O)O)[C@@H](C)CC)C(C)C)[C@@H](C)CC,[ 959134  721103   99402 ...  696992  586471 2207646],0.475
pdga_580736,KNWKKIVHDIKNS,0.9990357756614685,1.0,13,6,KNWKAILKHIIK,6,KNWGKILKHIIK,6,KNWKAILKHIIK,6,KNWGKILKHIIK,0.53515625,KNWKAILKHIIK,0.5908203125,KNWGKILKHIIK,0.8461538461538461,0.42074447225937733,CC[C@H](C)[C@H](NC(=O)[C@H](CC(=O)O)NC(=O)[C@H](Cc1c[nH]cn1)NC(=O)[C@@H](NC(=O)[C@@H](NC(=O)[C@H](CCCCN)NC(=O)[C@H](CCCCN)NC(=O)[C@H](Cc1c[nH]c2ccccc12)NC(=O)[C@H](CC(N)=O)NC(=O)[C@@H](N)CCCCN)[C@@H](C)CC)C(C)C)C(=O)N[C@@H](CCCCN)C(=O)N[C@@H](CC(N)=O)C(=O)N[C@@H](CO)C(=O)O,[ 959134  505511   99402 ...  696992 1370695 2068298],0.596
pdga_585880,ANWKKILGKILDR,0.9997758865356445,0.9999475479125977,13,6,VNWKKILGKIIKVVK,7,ALWKTMLKKLGT,4,GMWKKILGKLIR,4,VNWKKILGKI,0.537109375,VNWKKILGKIIKVVK,0.6171875,WKKILSKIKKLLK,0.8461538461538461,0.36728705385702143,CC[C@H](C)[C@H](NC(=O)[C@H](CCCCN)NC(=O)[C@H](CCCCN)NC(=O)[C@H](Cc1c[nH]c2ccccc12)NC(=O)[C@H](CC(N)=O)NC(=O)[C@H](C)N)C(=O)N[C@@H](CC(C)C)C(=O)NCC(=O)N[C@@H](CCCCN)C(=O)N[C@H](C(=O)N[C@@H](CC(C)C)C(=O)N[C@@H](CC(=O)O)C(=O)N[C@@H](CCCNC(=N)N)C(=O)O)[C@@H](C)CC,[ 959134  544407   99402 ...  696992  894535 1284830],0.516
pdga_586131,GANWKKKIIKVIK,0.9936210513114929,0.9999608397483826,13,6,VNWKKILGKIIKVVK,7,KNWGKILKHIIK,6,KILWKKKKILSIK,6,GKIIKVVK,0.53125,KNWKAILKHIIK,0.6015625,LNWGAIKKHIIK,0.8461538461538461,0.3706621403072944,CC[C@H](C)[C@H](NC(=O)[C@H](CCCCN)NC(=O)[C@H](CCCCN)NC(=O)[C@H](CCCCN)NC(=O)[C@H](Cc1c[nH]c2ccccc12)NC(=O)[C@H](CC(N)=O)NC(=O)[C@H](C)NC(=O)CN)C(=O)N[C@H](C(=O)N[C@@H](CCCCN)C(=O)N[C@H](C(=O)N[C@H](C(=O)N[C@@H](CCCCN)C(=O)O)[C@@H](C)CC)C(C)C)[C@@H](C)CC,[ 959134  721103   99402 ...  696992  586471 2207646],0.47100000000000003
pdga_587348,ANWKKIKKKVIKIVK,0.9981666207313538,1.0,15,5,VNWKKILGKIIKVVK,7,LNWGAIKKHIIK,4,VNWKKILKKIIKVVK,5,VNWKKILKKIIKVAK,0.3798828125,VNWKKILGKIIKVVK,0.5283203125,WKKIWSKIKKLLK,0.8666666666666667,0.37881261109189895,CC[C@H](C)[C@H](NC(=O)[C@H](CCCCN)NC(=O)[C@H](CCCCN)NC(=O)[C@H](Cc1c[nH]c2ccccc12)NC(=O)[C@H](CC(N)=O)NC(=O)[C@H](C)N)C(=O)N[C@@H](CCCCN)C(=O)N[C@@H](CCCCN)C(=O)N[C@@H](CCCCN)C(=O)N[C@H](C(=O)N[C@H](C(=O)N[C@@H](CCCCN)C(=O)N[C@H](C(=O)N[C@H](C(=O)N[C@@H](CCCCN)C(=O)O)C(C)C)[C@@H](C)CC)[C@@H](C)CC)C(C)C,[ 959134  175289   99402 ...  696992  586471 2207646],0.32799999999999996
pdga_590363,RKKFLKKIIKIVK,0.9974571466445923,0.999997615814209,13,6,WKLFKKILKVL,6,IKKILSKIKKLLK,5,VNWKKILKKIIKVVK,6,KKLFKKILKIL,0.53125,KKLFKKILKVL,0.5732421875,WKKILSKIKKLLK,0.8461538461538461,0.37818468728179383,CC[C@H](C)[C@H](NC(=O)[C@H](CCCCN)NC(=O)[C@@H](NC(=O)[C@@H](NC(=O)[C@H](CCCCN)NC(=O)[C@H](CCCCN)NC(=O)[C@H](CC(C)C)NC(=O)[C@H](Cc1ccccc1)NC(=O)[C@H](CCCCN)NC(=O)[C@H](CCCCN)NC(=O)[C@@H](N)CCCNC(=N)N)[C@@H](C)CC)[C@@H](C)CC)C(=O)N[C@H](C(=O)N[C@@H](CCCCN)C(=O)O)C(C)C,[ 959134  721103   21952 ...  696992  356855 3644452],0.579
pdga_592234,KNWKKIKKVIKICVK,0.9993931651115417,0.9999804496765137,15,6,KNWKAILKHIIK,6,KNWGKILKHIIK,4,KNWKKILKKIIKVVK,6,KNWGKILKHIIK,0.5009765625,VNWKKILGKIIKVVK,0.5322265625,INWKKIKSIIKAAMN,0.8666666666666667,0.41903559611972735,CC[C@H](C)[C@H](NC(=O)[C@H](CCCCN)NC(=O)[C@H](CCCCN)NC(=O)[C@H](Cc1c[nH]c2ccccc12)NC(=O)[C@H](CC(N)=O)NC(=O)[C@@H](N)CCCCN)C(=O)N[C@@H](CCCCN)C(=O)N[C@@H](CCCCN)C(=O)N[C@H](C(=O)N[C@H](C(=O)N[C@@H](CCCCN)C(=O)N[C@H](C(=O)N[C@@H](CS)C(=O)N[C@H](C(=O)N[C@@H](CCCCN)C(=O)O)C(C)C)[C@@H](C)CC)[C@@H](C)CC)C(C)C,[ 959134  175289   99402 ...  696992 1382711 2068298],0.429
pdga_593301,NWKKILGKYCDCL,0.9972088932991028,1.0,13,7,VNWKKILGKIIKVVK,7,WKKILSKIKKLLK,7,INWLKLGKAIIDAL,6,VNWKKILGKI,0.6064453125,VNWKKILGKIIKVVK,0.6318359375,WKKILSKIKKLLK,0.8461538461538461,0.32641236776790306,CC[C@H](C)[C@H](NC(=O)[C@H](CCCCN)NC(=O)[C@H](CCCCN)NC(=O)[C@H](Cc1c[nH]c2ccccc12)NC(=O)[C@@H](N)CC(N)=O)C(=O)N[C@@H](CC(C)C)C(=O)NCC(=O)N[C@@H](CCCCN)C(=O)N[C@@H](Cc1ccc(O)cc1)C(=O)N[C@@H](CS)C(=O)N[C@@H](CC(=O)O)C(=O)N[C@@H](CS)C(=O)N[C@@H](CC(C)C)C(=O)O,[ 505114  175289   59082 ...  696992  972151 1645570],0.5720000000000001
pdga_595459,NWKKILGKILDNCE,0.9997146725654602,0.9999990463256836,14,6,VNWKKILGKIIKVVK,7,WKKILSKIKKLLK,6,NVWKKILGKIIKVAK,6,VNWKKILGKIIKVAK,0.494140625,VNWKKILGKIIKVVK,0.58984375,WKKILSKIKKLLK,0.8571428571428571,0.33998010171520787,CC[C@H](C)[C@H](NC(=O)[C@H](CCCCN)NC(=O)[C@H](CCCCN)NC(=O)[C@H](Cc1c[nH]c2ccccc12)NC(=O)[C@@H](N)CC(N)=O)C(=O)N[C@@H](CC(C)C)C(=O)NCC(=O)N[C@@H](CCCCN)C(=O)N[C@H](C(=O)N[C@@H](CC(C)C)C(=O)N[C@@H](CC(=O)O)C(=O)N[C@@H](CC(N)=O)C(=O)N[C@@H](CS)C(=O)N[C@@H](CCC(=O)O)C(=O)O)[C@@H](C)CC,[ 959134  175289   99402 ...  696992 1370695 1645570],0.48100000000000004
pdga_599435,KNWYKIKKIIKLVK,0.9979828596115112,0.9999895691871643,14,5,VNWKKILGKIIKVVK,6,KNWGKILKHIIK,3,KNWKKILKKIIKVVK,5,VNWKKILKKIIKVAK,0.5537109375,KWKKFKKIGKVLKVL,0.5654296875,KWKKFKKIGAVLKVL,0.8571428571428571,0.32493354325527324,CC[C@H](C)[C@H](NC(=O)[C@H](CCCCN)NC(=O)[C@H](Cc1ccc(O)cc1)NC(=O)[C@H](Cc1c[nH]c2ccccc12)NC(=O)[C@H](CC(N)=O)NC(=O)[C@@H](N)CCCCN)C(=O)N[C@@H](CCCCN)C(=O)N[C@@H](CCCCN)C(=O)N[C@H](C(=O)N[C@H](C(=O)N[C@@H](CCCCN)C(=O)N[C@@H](CC(C)C)C(=O)N[C@H](C(=O)N[C@@H](CCCCN)C(=O)O)C(C)C)[C@@H](C)CC)[C@@H](C)CC,[ 959134  175289   99402 ...  696992  356855 2068298],0.503
