ID,Sequence,prediction,length,dist_Training,NN_Training,dist_Test,NN_Test,map_dist_Training,map_NN_Training,map_dist_Test,map_NN_Test,fraction_PredHelical,HydroMoment,SMILES,MAP4
gen_anticancer_3982,WFKRILKYLKKLV,0.9995723366737366,13,6,KWKWLKWLKKLK,5,RKKRLKLLKRLV,0.5166015625,RKLFKRILKYL,0.5546875,WKKILSKIKKLLK,0.8461538461538461,0.5349475014653391,CC[C@H](C)[C@H](NC(=O)[C@H](CCCNC(=N)N)NC(=O)[C@H](CCCCN)NC(=O)[C@H](Cc1ccccc1)NC(=O)[C@@H](N)Cc1c[nH]c2ccccc12)C(=O)N[C@@H](CC(C)C)C(=O)N[C@@H](CCCCN)C(=O)N[C@@H](Cc1ccc(O)cc1)C(=O)N[C@@H](CC(C)C)C(=O)N[C@@H](CCCCN)C(=O)N[C@@H](CCCCN)C(=O)N[C@@H](CC(C)C)C(=O)N[C@H](C(=O)O)C(C)C,[ 959134  175289   99402 ...  696992  908807 2068298]
gen_anticancer_17732,KNFKKLMKKVASVL,0.9974856972694397,14,6,LNLKGLIKKVASLLN,7,INFLKLGKKILGAL,0.4462890625,aFKMALKLLKKVL,0.4912109375,GfkMALKLLKKVL,0.8571428571428571,0.4491823998626767,CSCC[C@H](NC(=O)[C@H](CC(C)C)NC(=O)[C@H](CCCCN)NC(=O)[C@H](CCCCN)NC(=O)[C@H](Cc1ccccc1)NC(=O)[C@H](CC(N)=O)NC(=O)[C@@H](N)CCCCN)C(=O)N[C@@H](CCCCN)C(=O)N[C@@H](CCCCN)C(=O)N[C@H](C(=O)N[C@@H](C)C(=O)N[C@@H](CO)C(=O)N[C@H](C(=O)N[C@@H](CC(C)C)C(=O)O)C(C)C)C(C)C,[ 341943  721103   99402 ...  696992  908807 3004192]
gen_anticancer_18178,KWRSKIKKIMRTFK,0.9929189085960388,14,7,KRKILIKRK,7,KRKIKRK,0.5966796875,YKRWKKWRSKAKKIL,0.5869140625,KRIRKRIKKWKR,0.8571428571428571,0.4402641251676666,CC[C@H](C)[C@H](NC(=O)[C@H](CCCCN)NC(=O)[C@H](CO)NC(=O)[C@H](CCCNC(=N)N)NC(=O)[C@H](Cc1c[nH]c2ccccc12)NC(=O)[C@@H](N)CCCCN)C(=O)N[C@@H](CCCCN)C(=O)N[C@@H](CCCCN)C(=O)N[C@H](C(=O)N[C@@H](CCSC)C(=O)N[C@@H](CCCNC(=N)N)C(=O)N[C@H](C(=O)N[C@@H](Cc1ccccc1)C(=O)N[C@@H](CCCCN)C(=O)O)[C@@H](C)O)[C@@H](C)CC,[ 616470  175289   99402 ...  696992 1382711  280610]
gen_anticancer_25892,FAKKFFKKFAKFAFK,0.9988081455230713,15,6,FLKKAKKFGKAF,6,GWGKFFKKFFKFGK,0.4541015625,FAFAFAFKKAFKKFKKAFKKAF,0.404296875,FAKKFAKKFKKFAKKFAFAFAF,0.8666666666666667,0.4096422435907329,C[C@H](NC(=O)[C@@H](N)Cc1ccccc1)C(=O)N[C@@H](CCCCN)C(=O)N[C@@H](CCCCN)C(=O)N[C@@H](Cc1ccccc1)C(=O)N[C@@H](Cc1ccccc1)C(=O)N[C@@H](CCCCN)C(=O)N[C@@H](CCCCN)C(=O)N[C@@H](Cc1ccccc1)C(=O)N[C@@H](C)C(=O)N[C@@H](CCCCN)C(=O)N[C@@H](Cc1ccccc1)C(=O)N[C@@H](C)C(=O)N[C@@H](Cc1ccccc1)C(=O)N[C@@H](CCCCN)C(=O)O,[ 959134  721103  743444 ...  696992  356855 3644452]
gen_anticancer_25491,GLLGRLAKLLANS,0.9990589022636414,13,6,GLLKRAKTLL,7,GLLSLSLGKLL,0.556640625,GALGSLLSLLLKL,0.5966796875,GLLSLLSALGKLL,0.8461538461538461,0.3235341461882305,CC(C)C[C@H](NC(=O)CN)C(=O)N[C@@H](CC(C)C)C(=O)NCC(=O)N[C@@H](CCCNC(=N)N)C(=O)N[C@@H](CC(C)C)C(=O)N[C@@H](C)C(=O)N[C@@H](CCCCN)C(=O)N[C@@H](CC(C)C)C(=O)N[C@@H](CC(C)C)C(=O)N[C@@H](C)C(=O)N[C@@H](CC(N)=O)C(=O)N[C@@H](CO)C(=O)O,[ 959134  418767   99402 ...  696992 3480167 3684574]
gen_anticancer_14403,ALWKRVLKIAARIAK,0.9992631077766418,15,6,TLLKKVLKAAAK,7,LKKVLKAAA,0.48046875,IKWKKLLRAAKRIL,0.5322265625,VNWKKILKKIIKVAK,0.8666666666666667,0.4772236226877155,CC[C@H](C)[C@H](NC(=O)[C@H](CCCNC(=N)N)NC(=O)[C@H](C)NC(=O)[C@H](C)NC(=O)[C@@H](NC(=O)[C@H](CCCCN)NC(=O)[C@H](CC(C)C)NC(=O)[C@@H](NC(=O)[C@H](CCCNC(=N)N)NC(=O)[C@H](CCCCN)NC(=O)[C@H](Cc1c[nH]c2ccccc12)NC(=O)[C@H](CC(C)C)NC(=O)[C@H](C)N)C(C)C)[C@@H](C)CC)C(=O)N[C@@H](C)C(=O)N[C@@H](CCCCN)C(=O)O,[ 341943  721103   21952 ...  696992 1382711 1297900]
gen_anticancer_6721,SFSKWMGKLKNIFKK,0.9985817074775696,15,7,SKWMSLLKHILK,7,GKWMSKLKHILK,0.578125,GKWMSLLKKILK,0.58984375,GKWMSKLKHILK,0.8666666666666667,0.3756189989238825,CC[C@H](C)[C@H](NC(=O)[C@H](CC(N)=O)NC(=O)[C@H](CCCCN)NC(=O)[C@H](CC(C)C)NC(=O)[C@H](CCCCN)NC(=O)CNC(=O)[C@H](CCSC)NC(=O)[C@H](Cc1c[nH]c2ccccc12)NC(=O)[C@H](CCCCN)NC(=O)[C@H](CO)NC(=O)[C@H](Cc1ccccc1)NC(=O)[C@@H](N)CO)C(=O)N[C@@H](Cc1ccccc1)C(=O)N[C@@H](CCCCN)C(=O)N[C@@H](CCCCN)C(=O)O,[ 480461  629310   99402 ...  696992  557943 2068298]
gen_anticancer_21392,WLNALKKILGHLIRH,0.9997711777687073,15,6,WSKILGHLIR,7,GKWSKILGHLIR,0.5986328125,GKWKKILGHLIR,0.6240234375,KMWSKILGHLIR,0.8666666666666667,0.40443043950939317,CC[C@H](C)[C@H](NC(=O)[C@H](CCCCN)NC(=O)[C@H](CCCCN)NC(=O)[C@H](CC(C)C)NC(=O)[C@H](C)NC(=O)[C@H](CC(N)=O)NC(=O)[C@H](CC(C)C)NC(=O)[C@@H](N)Cc1c[nH]c2ccccc12)C(=O)N[C@@H](CC(C)C)C(=O)NCC(=O)N[C@@H](Cc1c[nH]cn1)C(=O)N[C@@H](CC(C)C)C(=O)N[C@H](C(=O)N[C@@H](CCCNC(=N)N)C(=O)N[C@@H](Cc1c[nH]cn1)C(=O)O)[C@@H](C)CC,[959134 418767  99402 ... 696992 894535 130316]
gen_anticancer_8492,LLRHCLRRIRDRLV,0.9994477033615112,14,6,LRFLRRILRRLL,8,LRRLWLRANRL,0.5693359375,RRLIRLILRLLR,0.5927734375,LCAAHCLAIRRR,0.8571428571428571,0.35377846273764774,CC[C@H](C)[C@H](NC(=O)[C@H](CCCNC(=N)N)NC(=O)[C@H](CCCNC(=N)N)NC(=O)[C@H](CC(C)C)NC(=O)[C@H](CS)NC(=O)[C@H](Cc1c[nH]cn1)NC(=O)[C@H](CCCNC(=N)N)NC(=O)[C@H](CC(C)C)NC(=O)[C@@H](N)CC(C)C)C(=O)N[C@@H](CCCNC(=N)N)C(=O)N[C@@H](CC(=O)O)C(=O)N[C@@H](CCCNC(=N)N)C(=O)N[C@@H](CC(C)C)C(=O)N[C@H](C(=O)O)C(C)C,[475985 723302  99402 ... 696992 972151 280610]
gen_anticancer_29717,KYLKYLVRLVGRLYR,0.9986476302146912,15,7,KKLKKLRLRL,8,RLYLRIGRR,0.5810546875,FRKLFRVYSNFLRGKLKL,0.5908203125,KRLFKKLLKFSLRKY,0.8666666666666667,0.5791183223211617,CC(C)C[C@H](NC(=O)[C@H](CCCNC(=N)N)NC(=O)CNC(=O)[C@@H](NC(=O)[C@H](CC(C)C)NC(=O)[C@H](CCCNC(=N)N)NC(=O)[C@@H](NC(=O)[C@H](CC(C)C)NC(=O)[C@H](Cc1ccc(O)cc1)NC(=O)[C@H](CCCCN)NC(=O)[C@H](CC(C)C)NC(=O)[C@H](Cc1ccc(O)cc1)NC(=O)[C@@H](N)CCCCN)C(C)C)C(C)C)C(=O)N[C@@H](Cc1ccc(O)cc1)C(=O)N[C@@H](CCCNC(=N)N)C(=O)O,[959134 721103  21952 ... 696992 356855  51286]
gen_anticancer_14097,VFRQWQKIMRRLVRR,0.9967787265777588,15,7,CFQWQRNMRAVR,7,AFQWQRNMRKVR,0.5419921875,RRFIQRWIRRWRQNRM,0.560546875,FKRWVQRWKRFLR,0.8666666666666667,0.6130794223187174,CC[C@H](C)[C@H](NC(=O)[C@H](CCCCN)NC(=O)[C@H](CCC(N)=O)NC(=O)[C@H](Cc1c[nH]c2ccccc12)NC(=O)[C@H](CCC(N)=O)NC(=O)[C@H](CCCNC(=N)N)NC(=O)[C@H](Cc1ccccc1)NC(=O)[C@@H](N)C(C)C)C(=O)N[C@@H](CCSC)C(=O)N[C@@H](CCCNC(=N)N)C(=O)N[C@@H](CCCNC(=N)N)C(=O)N[C@@H](CC(C)C)C(=O)N[C@H](C(=O)N[C@@H](CCCNC(=N)N)C(=O)N[C@@H](CCCNC(=N)N)C(=O)O)C(C)C,[959134 198071  99402 ... 602639  61383  94104]
gen_anticancer_20434,SISRLWHSLLRHLLH,0.9951540231704712,15,6,GLLWHLLHHLLH,8,ASHLGHHALDHLLK,0.634765625,RWRLLLLLKRH,0.638671875,RLWRRWRRWLR,0.8666666666666667,0.44414828362655184,CC[C@H](C)[C@H](NC(=O)[C@@H](N)CO)C(=O)N[C@@H](CO)C(=O)N[C@@H](CCCNC(=N)N)C(=O)N[C@@H](CC(C)C)C(=O)N[C@@H](Cc1c[nH]c2ccccc12)C(=O)N[C@@H](Cc1c[nH]cn1)C(=O)N[C@@H](CO)C(=O)N[C@@H](CC(C)C)C(=O)N[C@@H](CC(C)C)C(=O)N[C@@H](CCCNC(=N)N)C(=O)N[C@@H](Cc1c[nH]cn1)C(=O)N[C@@H](CC(C)C)C(=O)N[C@@H](CC(C)C)C(=O)N[C@@H](Cc1c[nH]cn1)C(=O)O,[1252908  175289   99402 ...  696992 1222455   94104]
gen_anticancer_7144,FAARILRAWFRFLRR,0.9929494261741638,15,6,AARIILRWFRR,6,AARIILRWRFR,0.51171875,AARIILRWFRR,0.5419921875,LRLRRRWLRRLRRRR,0.8666666666666667,0.6082045324356798,CC[C@H](C)[C@H](NC(=O)[C@H](CCCNC(=N)N)NC(=O)[C@H](C)NC(=O)[C@H](C)NC(=O)[C@@H](N)Cc1ccccc1)C(=O)N[C@@H](CC(C)C)C(=O)N[C@@H](CCCNC(=N)N)C(=O)N[C@@H](C)C(=O)N[C@@H](Cc1c[nH]c2ccccc12)C(=O)N[C@@H](Cc1ccccc1)C(=O)N[C@@H](CCCNC(=N)N)C(=O)N[C@@H](Cc1ccccc1)C(=O)N[C@@H](CC(C)C)C(=O)N[C@@H](CCCNC(=N)N)C(=O)N[C@@H](CCCNC(=N)N)C(=O)O,[1252908  175289   99402 ...  696992   61383   94104]
gen_anticancer_21692,WKRIVRIIRWIRKYY,0.997275710105896,15,6,WKRIVRRIKRWLR,7,WKSYVRRWRSRY,0.5439453125,IWRIFRRIFRIFIRF,0.587890625,WFKIWWLKPRKLRKF,0.8666666666666667,0.5011057045853585,CC[C@H](C)[C@H](NC(=O)[C@H](Cc1c[nH]c2ccccc12)NC(=O)[C@H](CCCNC(=N)N)NC(=O)[C@@H](NC(=O)[C@@H](NC(=O)[C@H](CCCNC(=N)N)NC(=O)[C@@H](NC(=O)[C@@H](NC(=O)[C@H](CCCNC(=N)N)NC(=O)[C@H](CCCCN)NC(=O)[C@@H](N)Cc1c[nH]c2ccccc12)[C@@H](C)CC)C(C)C)[C@@H](C)CC)[C@@H](C)CC)C(=O)N[C@@H](CCCNC(=N)N)C(=O)N[C@@H](CCCCN)C(=O)N[C@@H](Cc1ccc(O)cc1)C(=O)N[C@@H](Cc1ccc(O)cc1)C(=O)O,[420957 175289  21952 ... 696992 598279  94104]
