ID,Name,N terminus,Sequence,C terminus,targetSpecies,baumannii,aureus,aeruginosa,activity,Set,prediction,Repetition,inTraining,isPredActive,dist_Training,NN_Training,dist_Test,NN_Test,SMILES,MAP4,map_dist_Training,map_NN_Training,map_dist_Test,map_NN_Test,length,D_AA,A_fract,C_fract,D_fract,E_fract,F_fract,G_fract,H_fract,I_fract,L_fract,M_fract,N_fract,P_fract,K_fract,Q_fract,R_fract,S_fract,T_fract,V_fract,W_fract,Y_fract,positive,negative,HAC,HBA,HBD,hydrophobic,hydrophobic_patches,hydrophobic_patches_num,hydrophobic_patches_len,hydro_res_fract,pos_res_fract,HydroMoment,charge,hydrophobicity,av_hydrophobicity,discrimination,fasta,SpiderFilename,SpiderFileloc,SS,countH,fraction_PredHelical,fraction_PredBetaSheet,fraction_PredCoil,HeLa
102,Dermaseptin S4 [M4K][N20K],nan,ALWKTLLKKVLKAAAKAALKAVLVGANA,nan,"['Staphylococcus aureus', 'Pseudomonas aeruginosa', 'Escherichia coli', 'Escherichia coli TG1', 'Leishmania major (promastigote)', 'Cryptococcus neoformans B3501', 'Staphylococcus aureus B38302', 'Escherichia coli U16318', 'Escherichia coli MG1655', 'Staphylococcus aureus 15981', 'Pseudomonas aeruginosa PAO1', 'Human cervical carcinoma HeLa', 'HSV-2', 'HSV-2 Roi2']",False,True,True,1.0,test,0.9506251811981201,,,,1,ALWMTLLKKVLKAAAKAALKAVLVGANA,0,ALWKTLLKKVLKAAAKAALKAVLVGANA,CC(C)C[C@H](NC(=O)[C@H](C)N)C(=O)N[C@@H](Cc1c[nH]c2ccccc12)C(=O)N[C@@H](CCCCN)C(=O)N[C@H](C(=O)N[C@@H](CC(C)C)C(=O)N[C@@H](CC(C)C)C(=O)N[C@@H](CCCCN)C(=O)N[C@@H](CCCCN)C(=O)N[C@H](C(=O)N[C@@H](CC(C)C)C(=O)N[C@@H](CCCCN)C(=O)N[C@@H](C)C(=O)N[C@@H](C)C(=O)N[C@@H](C)C(=O)N[C@@H](CCCCN)C(=O)N[C@@H](C)C(=O)N[C@@H](C)C(=O)N[C@@H](CC(C)C)C(=O)N[C@@H](CCCCN)C(=O)N[C@@H](C)C(=O)N[C@H](C(=O)N[C@@H](CC(C)C)C(=O)N[C@H](C(=O)NCC(=O)N[C@@H](C)C(=O)N[C@@H](CC(N)=O)C(=O)N[C@@H](C)C(=O)O)C(C)C)C(C)C)C(C)C)[C@@H](C)O,[148235 167130  99402 ... 235036 152231 929900],0.076171875,ALWKTLLKKVLKAAAKAALNAVLVGANA,0.0,ALWKTLLKKVLKAAAKAALKAVLVGANA,28,False,0.32142857142857145,0.0,0.0,0.0,0.0,0.03571428571428571,0.0,0.0,0.21428571428571427,0.0,0.03571428571428571,0.0,0.21428571428571427,0.0,0.0,0.0,0.03571428571428571,0.10714285714285714,0.03571428571428571,0.0,6,0,202,37,38,24,[2 2 2 3 3 4 1 1],8,2.25,0.8571428571428571,0.21428571428571427,0.20858228754758446,6,"[0.31, 1.7, 2.25, -0.99, 0.26, 1.7, 1.7, -0.99, -0.99, 1.22, 1.7, -0.99, 0.31, 0.31, 0.31, -0.99, 0.31, 0.31, 1.7, -0.99, 0.31, 1.22, 1.7, 1.22, 0.0, 0.31, -0.6, 0.31]",0.4507142857142857,2.17690167944492,">ALWKTLLKKVLKAAAKAALKAVLVGANA
ALWKTLLKKVLKAAAKAALKAVLVGANA",102.seq,/data/AIpep/spiderData/102.seq,"['C', 'H', 'H', 'H', 'H', 'H', 'H', 'H', 'H', 'H', 'H', 'H', 'H', 'H', 'H', 'H', 'H', 'H', 'H', 'H', 'H', 'H', 'H', 'H', 'H', 'H', 'C', 'C']",25,0.8928571428571429,0.0,0.10714285714285714,True
267,Peptide P [A12L],ACT,KWKSFLKTFKSLKKTVLHTALKAISS,AMD,"['Pseudomonas aeruginosa PAO1', 'Pseudomonas aeruginosa PAK', 'Pseudomonas aeruginosa PA14', 'Pseudomonas aeruginosa M2', 'Pseudomonas aeruginosa CP204', 'Human melanoma A375', 'Human breast adenocarcinoma MCF-7', 'Human colon adenocarcinoma SW1116', 'Human rhabdomyosarcoma', 'Human lung carcinoma H1299', 'Mouse skin melanoma B16', 'Human cervical carcinoma HeLa']",False,False,True,1.0,training,0.9926149845123291,,,,0,KWKSFLKTFKSLKKTVLHTALKAISS,1,KWKSFLKTFKSLKKTVLHTlLKAISS,CC[C@H](C)[C@H](NC(=O)[C@H](C)NC(=O)[C@H](CCCCN)NC(=O)[C@H](CC(C)C)NC(=O)[C@H](C)NC(=O)[C@@H](NC(=O)[C@H](Cc1c[nH]cn1)NC(=O)[C@H](CC(C)C)NC(=O)[C@@H](NC(=O)[C@@H](NC(=O)[C@H](CCCCN)NC(=O)[C@H](CCCCN)NC(=O)[C@H](CC(C)C)NC(=O)[C@H](CO)NC(=O)[C@H](CCCCN)NC(=O)[C@H](Cc1ccccc1)NC(=O)[C@@H](NC(=O)[C@H](CCCCN)NC(=O)[C@H](CC(C)C)NC(=O)[C@H](Cc1ccccc1)NC(=O)[C@H](CO)NC(=O)[C@H](CCCCN)NC(=O)[C@H](Cc1c[nH]c2ccccc12)NC(=O)[C@@H](N)CCCCN)[C@@H](C)O)[C@@H](C)O)C(C)C)[C@@H](C)O)C(=O)N[C@@H](CO)C(=O)N[C@@H](CO)C(=O)O,[148235 721103  99402 ... 235036 152231 343310],0.0,KWKSFLKTFKSLKKTVLHTALKAISS,0.03515625,KWKSFLkTFKSLKkTVLHTLLKAISS,26,False,0.07692307692307693,0.0,0.0,0.0,0.07692307692307693,0.0,0.038461538461538464,0.038461538461538464,0.15384615384615385,0.0,0.0,0.0,0.2692307692307692,0.0,0.0,0.15384615384615385,0.11538461538461539,0.038461538461538464,0.038461538461538464,0.0,7,0,212,42,43,14,[2 1 1 2 2 2],6,1.67,0.5384615384615384,0.2692307692307692,0.2588523882178441,7,"[-0.99, 2.25, -0.99, -0.04, 1.79, 1.7, -0.99, 0.26, 1.79, -0.99, -0.04, 1.7, -0.99, -0.99, 0.26, 1.22, 1.7, 0.13, 0.26, 0.31, 1.7, -0.99, 0.31, 1.8, -0.04, -0.04]",0.3880769230769231,2.554356654477645,">KWKSFLKTFKSLKKTVLHTALKAISS
KWKSFLKTFKSLKKTVLHTALKAISS",267.seq,/data/AIpep/spiderData/267.seq,"['C', 'H', 'H', 'H', 'H', 'H', 'H', 'H', 'H', 'H', 'H', 'H', 'H', 'H', 'H', 'H', 'H', 'H', 'H', 'H', 'H', 'H', 'H', 'H', 'H', 'C']",24,0.9230769230769231,0.0,0.07692307692307693,True
268,"V681 [V13K, A20L], Peptide P [A20L]",ACT,KWKSFLKTFKSAKKTVLHTLLKAISS,AMD,"['Pseudomonas aeruginosa PAO1', 'Pseudomonas aeruginosa WR5', 'Pseudomonas aeruginosa PAK', 'Pseudomonas aeruginosa PA14', 'Pseudomonas aeruginosa M2', 'Pseudomonas aeruginosa CP204', 'Human lung carcinoma A549', 'Human melanoma A375', 'Human breast adenocarcinoma MCF-7', 'Human colon adenocarcinoma SW1116', 'Human rhabdomyosarcoma', 'Human lung carcinoma H1299', 'Mouse skin melanoma B16', 'Human cervical carcinoma HeLa', 'Staphylococcus aureus ATCC 25923', 'Staphylococcus epidermidis ATCC 12228', 'Pseudomonas aeruginosa ATCC 27853', 'Escherichia coli ATCC 25922', 'Human gastric cancer SGC-7901']",False,True,True,1.0,training,0.9849966764450073,,,,0,KWKSFLKTFKSAKKTVLHTLLKAISS,2,KWKSFAKTFKSAKKTVLHTALKAISS,CC[C@H](C)[C@H](NC(=O)[C@H](C)NC(=O)[C@H](CCCCN)NC(=O)[C@H](CC(C)C)NC(=O)[C@H](CC(C)C)NC(=O)[C@@H](NC(=O)[C@H](Cc1c[nH]cn1)NC(=O)[C@H](CC(C)C)NC(=O)[C@@H](NC(=O)[C@@H](NC(=O)[C@H](CCCCN)NC(=O)[C@H](CCCCN)NC(=O)[C@H](C)NC(=O)[C@H](CO)NC(=O)[C@H](CCCCN)NC(=O)[C@H](Cc1ccccc1)NC(=O)[C@@H](NC(=O)[C@H](CCCCN)NC(=O)[C@H](CC(C)C)NC(=O)[C@H](Cc1ccccc1)NC(=O)[C@H](CO)NC(=O)[C@H](CCCCN)NC(=O)[C@H](Cc1c[nH]c2ccccc12)NC(=O)[C@@H](N)CCCCN)[C@@H](C)O)[C@@H](C)O)C(C)C)[C@@H](C)O)C(=O)N[C@@H](CO)C(=O)N[C@@H](CO)C(=O)O,[148235 721103  99402 ... 235036 152231 343310],0.0,KWKSFLKTFKSAKKTVLHTLLKAISS,0.03125,KWKSFLkTFKSLKkTVLHTLLKAISS,26,False,0.07692307692307693,0.0,0.0,0.0,0.07692307692307693,0.0,0.038461538461538464,0.038461538461538464,0.15384615384615385,0.0,0.0,0.0,0.2692307692307692,0.0,0.0,0.15384615384615385,0.11538461538461539,0.038461538461538464,0.038461538461538464,0.0,7,0,212,42,43,14,[2 1 1 2 2 2],6,1.67,0.5384615384615384,0.2692307692307692,0.26388066467263255,7,"[-0.99, 2.25, -0.99, -0.04, 1.79, 1.7, -0.99, 0.26, 1.79, -0.99, -0.04, 0.31, -0.99, -0.99, 0.26, 1.22, 1.7, 0.13, 0.26, 1.7, 1.7, -0.99, 0.31, 1.8, -0.04, -0.04]",0.3880769230769231,2.5591033474509652,">KWKSFLKTFKSAKKTVLHTLLKAISS
KWKSFLKTFKSAKKTVLHTLLKAISS",268.seq,/data/AIpep/spiderData/268.seq,"['C', 'H', 'H', 'H', 'H', 'H', 'H', 'H', 'H', 'H', 'H', 'H', 'H', 'H', 'H', 'H', 'H', 'H', 'H', 'H', 'H', 'H', 'H', 'H', 'H', 'C']",24,0.9230769230769231,0.0,0.07692307692307693,True
270,"Peptide P [A12,20L]",ACT,KWKSFLKTFKSLKKTVLHTLLKAISS,AMD,"['Human cervical carcinoma HeLa', 'Human lung carcinoma A549', 'Human melanoma A375', 'Human breast adenocarcinoma MCF-7', 'Human colon adenocarcinoma SW1116', 'Human rhabdomyosarcoma', 'Human lung carcinoma H1299', 'Mouse skin melanoma B16', 'Staphylococcus aureus ATCC 25923', 'Staphylococcus epidermidis ATCC 12228', 'Pseudomonas aeruginosa ATCC 27853', 'Escherichia coli ATCC 25922', 'Human gastric cancer SGC-7901']",False,True,True,1.0,training,0.9959349036216736,,,,0,KWKSFLKTFKSLKKTVLHTLLKAISS,1,KWKSFLKTFKSLKKTVLHTlLKAISS,CC[C@H](C)[C@H](NC(=O)[C@H](C)NC(=O)[C@H](CCCCN)NC(=O)[C@H](CC(C)C)NC(=O)[C@H](CC(C)C)NC(=O)[C@@H](NC(=O)[C@H](Cc1c[nH]cn1)NC(=O)[C@H](CC(C)C)NC(=O)[C@@H](NC(=O)[C@@H](NC(=O)[C@H](CCCCN)NC(=O)[C@H](CCCCN)NC(=O)[C@H](CC(C)C)NC(=O)[C@H](CO)NC(=O)[C@H](CCCCN)NC(=O)[C@H](Cc1ccccc1)NC(=O)[C@@H](NC(=O)[C@H](CCCCN)NC(=O)[C@H](CC(C)C)NC(=O)[C@H](Cc1ccccc1)NC(=O)[C@H](CO)NC(=O)[C@H](CCCCN)NC(=O)[C@H](Cc1c[nH]c2ccccc12)NC(=O)[C@@H](N)CCCCN)[C@@H](C)O)[C@@H](C)O)C(C)C)[C@@H](C)O)C(=O)N[C@@H](CO)C(=O)N[C@@H](CO)C(=O)O,[148235 721103  99402 ... 235036 152231 343310],0.0,KWKSFLKTFKSLKKTVLHTLLKAISS,0.0,KWKSFLkTFKSLKkTVLHTLLKAISS,26,False,0.038461538461538464,0.0,0.0,0.0,0.07692307692307693,0.0,0.038461538461538464,0.038461538461538464,0.19230769230769232,0.0,0.0,0.0,0.2692307692307692,0.0,0.0,0.15384615384615385,0.11538461538461539,0.038461538461538464,0.038461538461538464,0.0,7,0,215,42,43,15,[2 1 1 2 2 2],6,1.67,0.5769230769230769,0.2692307692307692,0.26898964955300797,7,"[-0.99, 2.25, -0.99, -0.04, 1.79, 1.7, -0.99, 0.26, 1.79, -0.99, -0.04, 1.7, -0.99, -0.99, 0.26, 1.22, 1.7, 0.13, 0.26, 1.7, 1.7, -0.99, 0.31, 1.8, -0.04, -0.04]",0.44153846153846155,2.5639262291780396,">KWKSFLKTFKSLKKTVLHTLLKAISS
KWKSFLKTFKSLKKTVLHTLLKAISS",270.seq,/data/AIpep/spiderData/270.seq,"['C', 'H', 'H', 'H', 'H', 'H', 'H', 'H', 'H', 'H', 'H', 'H', 'H', 'H', 'H', 'H', 'H', 'H', 'H', 'H', 'H', 'H', 'H', 'H', 'H', 'C']",24,0.9230769230769231,0.0,0.07692307692307693,True
271,"Peptide P [A12,20,23L]",ACT,KWKSFLKTFKSLKKTVLHTLLKLISS,AMD,"['Human lung carcinoma A549', 'Human melanoma A375', 'Human breast adenocarcinoma MCF-7', 'Human colon adenocarcinoma SW1116', 'Human rhabdomyosarcoma', 'Human lung carcinoma H1299', 'Mouse skin melanoma B16', 'Human cervical carcinoma HeLa']",False,False,False,1.0,training,0.9947851300239563,,,,0,KWKSFLKTFKSLKKTVLHTLLKLISS,2,KWKSFLKTFKSLKKTVLHTlLKAISS,CC[C@H](C)[C@H](NC(=O)[C@H](CC(C)C)NC(=O)[C@H](CCCCN)NC(=O)[C@H](CC(C)C)NC(=O)[C@H](CC(C)C)NC(=O)[C@@H](NC(=O)[C@H](Cc1c[nH]cn1)NC(=O)[C@H](CC(C)C)NC(=O)[C@@H](NC(=O)[C@@H](NC(=O)[C@H](CCCCN)NC(=O)[C@H](CCCCN)NC(=O)[C@H](CC(C)C)NC(=O)[C@H](CO)NC(=O)[C@H](CCCCN)NC(=O)[C@H](Cc1ccccc1)NC(=O)[C@@H](NC(=O)[C@H](CCCCN)NC(=O)[C@H](CC(C)C)NC(=O)[C@H](Cc1ccccc1)NC(=O)[C@H](CO)NC(=O)[C@H](CCCCN)NC(=O)[C@H](Cc1c[nH]c2ccccc12)NC(=O)[C@@H](N)CCCCN)[C@@H](C)O)[C@@H](C)O)C(C)C)[C@@H](C)O)C(=O)N[C@@H](CO)C(=O)N[C@@H](CO)C(=O)O,[148235 721103  99402 ... 235036 152231 343310],0.0,KWKSFLKTFKSLKKTVLHTLLKLISS,0.0498046875,KWKSFLkTFKSLKkTVLHTLLKAISS,26,False,0.0,0.0,0.0,0.0,0.07692307692307693,0.0,0.038461538461538464,0.038461538461538464,0.23076923076923078,0.0,0.0,0.0,0.2692307692307692,0.0,0.0,0.15384615384615385,0.11538461538461539,0.038461538461538464,0.038461538461538464,0.0,7,0,218,42,43,16,[2 1 1 2 2 2],6,1.67,0.6153846153846154,0.2692307692307692,0.277247315744939,7,"[-0.99, 2.25, -0.99, -0.04, 1.79, 1.7, -0.99, 0.26, 1.79, -0.99, -0.04, 1.7, -0.99, -0.99, 0.26, 1.22, 1.7, 0.13, 0.26, 1.7, 1.7, -0.99, 1.7, 1.8, -0.04, -0.04]",0.495,2.5717214660632224,">KWKSFLKTFKSLKKTVLHTLLKLISS
KWKSFLKTFKSLKKTVLHTLLKLISS",271.seq,/data/AIpep/spiderData/271.seq,"['C', 'H', 'H', 'H', 'H', 'H', 'H', 'H', 'H', 'H', 'H', 'H', 'H', 'H', 'H', 'H', 'H', 'H', 'H', 'H', 'H', 'H', 'H', 'H', 'H', 'C']",24,0.9230769230769231,0.0,0.07692307692307693,True
609,Dermaseptin S4 [M4D][N20D],nan,ALWDTLLKKVLKAAAKAALDAVLVGANA,nan,"['Escherichia coli MG1655', 'Staphylococcus aureus 15981', 'Pseudomonas aeruginosa PAO1', 'Human cervical carcinoma HeLa', 'HSV-2', 'HSV-2 Roi2']",False,True,True,1.0,test,0.723182201385498,,,,1,ALWDTLLKKVLKAAAKAALNAVLVGANA,0,ALWDTLLKKVLKAAAKAALDAVLVGANA,CC(C)C[C@H](NC(=O)[C@H](C)N)C(=O)N[C@@H](Cc1c[nH]c2ccccc12)C(=O)N[C@@H](CC(=O)O)C(=O)N[C@H](C(=O)N[C@@H](CC(C)C)C(=O)N[C@@H](CC(C)C)C(=O)N[C@@H](CCCCN)C(=O)N[C@@H](CCCCN)C(=O)N[C@H](C(=O)N[C@@H](CC(C)C)C(=O)N[C@@H](CCCCN)C(=O)N[C@@H](C)C(=O)N[C@@H](C)C(=O)N[C@@H](C)C(=O)N[C@@H](CCCCN)C(=O)N[C@@H](C)C(=O)N[C@@H](C)C(=O)N[C@@H](CC(C)C)C(=O)N[C@@H](CC(=O)O)C(=O)N[C@@H](C)C(=O)N[C@H](C(=O)N[C@@H](CC(C)C)C(=O)N[C@H](C(=O)NCC(=O)N[C@@H](C)C(=O)N[C@@H](CC(N)=O)C(=O)N[C@@H](C)C(=O)O)C(C)C)C(C)C)C(C)C)[C@@H](C)O,[148235  45475  99402 ... 235036 152231 929900],0.0830078125,ALWDTLLKKVLKAAAKAALNAVLVGANA,0.0,ALWDTLLKKVLKAAAKAALDAVLVGANA,28,False,0.32142857142857145,0.0,0.07142857142857142,0.0,0.0,0.03571428571428571,0.0,0.0,0.21428571428571427,0.0,0.03571428571428571,0.0,0.14285714285714285,0.0,0.0,0.0,0.03571428571428571,0.10714285714285714,0.03571428571428571,0.0,4,2,200,37,38,24,[2 2 2 3 3 4 1 1],8,2.25,0.8571428571428571,0.14285714285714285,0.20407887754956558,2,"[0.31, 1.7, 2.25, -0.77, 0.26, 1.7, 1.7, -0.99, -0.99, 1.22, 1.7, -0.99, 0.31, 0.31, 0.31, -0.99, 0.31, 0.31, 1.7, -0.77, 0.31, 1.22, 1.7, 1.22, 0.0, 0.31, -0.6, 0.31]",0.46642857142857147,0.8526504604067899,">ALWDTLLKKVLKAAAKAALDAVLVGANA
ALWDTLLKKVLKAAAKAALDAVLVGANA",609.seq,/data/AIpep/spiderData/609.seq,"['C', 'H', 'H', 'H', 'H', 'H', 'H', 'H', 'H', 'H', 'H', 'H', 'H', 'H', 'H', 'H', 'H', 'H', 'H', 'H', 'H', 'H', 'H', 'H', 'H', 'H', 'C', 'C']",25,0.8928571428571429,0.0,0.10714285714285714,True
611,Dermaseptin S4 [M4K],nan,ALWKTLLKKVLKAAAKAALNAVLVGANA,nan,"['Escherichia coli TG1', 'Escherichia coli MG1655', 'Staphylococcus aureus 15981', 'Pseudomonas aeruginosa PAO1', 'Human cervical carcinoma HeLa', 'Rabies virus (RABV)', 'HSV-2', 'HSV-2 Roi2']",False,True,True,1.0,training,0.9572230577468872,,,,0,ALWKTLLKKVLKAAAKAALNAVLVGANA,1,ALWKTLLKKVLKAAAKAALKAVLVGANA,CC(C)C[C@H](NC(=O)[C@H](C)N)C(=O)N[C@@H](Cc1c[nH]c2ccccc12)C(=O)N[C@@H](CCCCN)C(=O)N[C@H](C(=O)N[C@@H](CC(C)C)C(=O)N[C@@H](CC(C)C)C(=O)N[C@@H](CCCCN)C(=O)N[C@@H](CCCCN)C(=O)N[C@H](C(=O)N[C@@H](CC(C)C)C(=O)N[C@@H](CCCCN)C(=O)N[C@@H](C)C(=O)N[C@@H](C)C(=O)N[C@@H](C)C(=O)N[C@@H](CCCCN)C(=O)N[C@@H](C)C(=O)N[C@@H](C)C(=O)N[C@@H](CC(C)C)C(=O)N[C@@H](CC(N)=O)C(=O)N[C@@H](C)C(=O)N[C@H](C(=O)N[C@@H](CC(C)C)C(=O)N[C@H](C(=O)NCC(=O)N[C@@H](C)C(=O)N[C@@H](CC(N)=O)C(=O)N[C@@H](C)C(=O)O)C(C)C)C(C)C)C(C)C)[C@@H](C)O,[148235 167130  99402 ... 235036 152231 929900],0.0,ALWKTLLKKVLKAAAKAALNAVLVGANA,0.076171875,ALWKTLLKKVLKAAAKAALKAVLVGANA,28,False,0.32142857142857145,0.0,0.0,0.0,0.0,0.03571428571428571,0.0,0.0,0.21428571428571427,0.0,0.07142857142857142,0.0,0.17857142857142858,0.0,0.0,0.0,0.03571428571428571,0.10714285714285714,0.03571428571428571,0.0,5,0,201,37,38,24,[2 2 2 3 3 4 1 1],8,2.25,0.8571428571428571,0.17857142857142858,0.20166342605714588,5,"[0.31, 1.7, 2.25, -0.99, 0.26, 1.7, 1.7, -0.99, -0.99, 1.22, 1.7, -0.99, 0.31, 0.31, 0.31, -0.99, 0.31, 0.31, 1.7, -0.6, 0.31, 1.22, 1.7, 1.22, 0.0, 0.31, -0.6, 0.31]",0.46464285714285714,1.8403702741979457,">ALWKTLLKKVLKAAAKAALNAVLVGANA
ALWKTLLKKVLKAAAKAALNAVLVGANA",611.seq,/data/AIpep/spiderData/611.seq,"['C', 'H', 'H', 'H', 'H', 'H', 'H', 'H', 'H', 'H', 'H', 'H', 'H', 'H', 'H', 'H', 'H', 'H', 'H', 'H', 'H', 'H', 'H', 'H', 'H', 'H', 'C', 'C']",25,0.8928571428571429,0.0,0.10714285714285714,True
904,"Cecropin A (2-8) + Melittin (6-9), CM5, CM11",nan,WKLFKKILKVL,AMD,"['Erwinia amylovora PMV 6076', 'Pseudomonas syringae EPS 94', 'Xanthomonas vesicatoria 2133-2', 'Erwinia amylovora PMV 6076', 'Pseudomonas syringae EPS 94', 'Xanthomonas vesicatoria 2133-2', 'Leishmania donovani 3-Luc', 'Leishmania donovani 3-Luc', 'Fusarium oxysporum f. sp. lycopersici ATCC 201829', 'Aspergillus niger CECT 2694', 'Pseudomonas aeruginosa ATCC 27853', 'Pseudomonas aeruginosa ATCC 27853', 'Pseudomonas aeruginosa PAO1', 'Pseudomonas aeruginosa PAO1', 'Staphylococcus aureus ATCC 25923', 'Staphylococcus aureus ATCC 25923', 'Klebsiella pneumoniae ATCC 700603', 'Klebsiella pneumoniae ATCC 700603', 'Escherichia coli ATCC 25922', 'Escherichia coli ATCC 25922', 'Enterococcus faecalis ATCC 29212', 'Enterococcus faecalis ATCC 29212', 'Shigella flexneri ATCC 12022', 'Shigella flexneri ATCC 12022', 'Listeria monocytogenes ATCC 7644', 'Listeria monocytogenes ATCC 7644', 'Vibrio cholerae ATCC 14035', 'Vibrio cholerae ATCC 14035', 'Pseudomonas aeruginosa', 'Pseudomonas aeruginosa', 'Acinetobacter baumannii', 'Acinetobacter baumannii', 'Klebsiella pneumoniae ATCC 13883', 'Klebsiella pneumoniae', 'Klebsiella pneumoniae', 'Salmonella typhimurium ATCC 14028', 'Salmonella typhimurium', 'Salmonella typhimurium', 'Human cervical carcinoma HeLa', 'Human prostate adenocarcinoma LNCaP', 'Human B-lymphoma RAJI']",True,True,True,1.0,training,0.9973796606063843,,,,0,WKLFKKILKVL,1,KWKLFKKILKVL,CC[C@H](C)[C@H](NC(=O)[C@H](CCCCN)NC(=O)[C@H](CCCCN)NC(=O)[C@H](Cc1ccccc1)NC(=O)[C@H](CC(C)C)NC(=O)[C@H](CCCCN)NC(=O)[C@@H](N)Cc1c[nH]c2ccccc12)C(=O)N[C@@H](CC(C)C)C(=O)N[C@@H](CCCCN)C(=O)N[C@H](C(=O)N[C@@H](CC(C)C)C(=O)O)C(C)C,[ 959134  198071   99402 ...  696992 1382711 2068298],0.0,WKLFKKILKVL,0.17578125,KWKLFKKILKVL,11,False,0.0,0.0,0.0,0.0,0.09090909090909091,0.0,0.0,0.09090909090909091,0.2727272727272727,0.0,0.0,0.0,0.36363636363636365,0.0,0.0,0.0,0.0,0.09090909090909091,0.09090909090909091,0.0,4,0,101,16,17,9,[2 2 2],3,2.0,0.8181818181818182,0.36363636363636365,0.5115786200564858,4,"[2.25, -0.99, 1.7, 1.79, -0.99, -0.99, 1.8, 1.7, -0.99, 1.22, 1.7]",0.7454545454545454,1.8029302173333226,">WKLFKKILKVL
WKLFKKILKVL",904.seq,/data/AIpep/spiderData/904.seq,"['C', 'H', 'H', 'H', 'H', 'H', 'H', 'H', 'H', 'H', 'C']",9,0.8181818181818182,0.0,0.18181818181818182,True
1005,"M-ctenitoxin-Cs1a, M-CNTX-Cs1a, Cupiennin-1a",nan,GFGALFKFLAKKVAKTVAKQAAKQGAKYVVNKQME,AMD,"['Escherichia coli ATCC 25922', 'Pseudomonas aeruginosa ATCC 27853', 'Staphylococcus aureus ATCC 29213', 'Enterococcus faecalis ATCC 29212', 'Bacillus subtilis', 'Paracoccus denitrificans', 'Trypanosoma brucei brucei MiTat1.2(221)', 'Trypanosoma brucei rhodesiense', 'Trypanosoma cruzi', 'Plasmodium falciparum', 'Trypanosoma brucei brucei MiTat1.2(221)', 'Human B-lymphoma RAJI', 'Human promyelocytic leukemia HL-60', 'Human lymphoblastic leukemia Molt-4', 'Human acute monocytic leukemia THP-1', 'Human cervical carcinoma HeLa']",False,True,True,1.0,training,0.9980564117431641,,,,0,GFGALFKFLAKKVAKTVAKQAAKQGAKYVVNKQME,3,GFGSLFKFLAKKVAKTVAKQAAKQGAKYVANKHME,CSCC[C@H](NC(=O)[C@H](CCC(N)=O)NC(=O)[C@H](CCCCN)NC(=O)[C@H](CC(N)=O)NC(=O)[C@@H](NC(=O)[C@@H](NC(=O)[C@H](Cc1ccc(O)cc1)NC(=O)[C@H](CCCCN)NC(=O)[C@H](C)NC(=O)CNC(=O)[C@H](CCC(N)=O)NC(=O)[C@H](CCCCN)NC(=O)[C@H](C)NC(=O)[C@H](C)NC(=O)[C@H](CCC(N)=O)NC(=O)[C@H](CCCCN)NC(=O)[C@H](C)NC(=O)[C@@H](NC(=O)[C@@H](NC(=O)[C@H](CCCCN)NC(=O)[C@H](C)NC(=O)[C@@H](NC(=O)[C@H](CCCCN)NC(=O)[C@H](CCCCN)NC(=O)[C@H](C)NC(=O)[C@H](CC(C)C)NC(=O)[C@H](Cc1ccccc1)NC(=O)[C@H](CCCCN)NC(=O)[C@H](Cc1ccccc1)NC(=O)[C@H](CC(C)C)NC(=O)[C@H](C)NC(=O)CNC(=O)[C@H](Cc1ccccc1)NC(=O)CN)C(C)C)[C@@H](C)O)C(C)C)C(C)C)C(C)C)C(=O)N[C@@H](CCC(=O)O)C(=O)O,[148235 167130  99402 ... 287115 112551 110278],0.0,GFGALFKFLAKKVAKTVAKQAAKQGAKYVVNKQME,0.16796875,GFGSLFKFLAKKVAKTVAKQAAKQGAKYVANKHME,35,False,0.2,0.0,0.0,0.02857142857142857,0.08571428571428572,0.08571428571428572,0.0,0.0,0.05714285714285714,0.02857142857142857,0.02857142857142857,0.0,0.22857142857142856,0.08571428571428572,0.0,0.0,0.02857142857142857,0.11428571428571428,0.0,0.02857142857142857,8,1,268,52,51,19,[1 3 3 2 2 2 1 2 1],9,1.89,0.5428571428571428,0.22857142857142856,0.053368667937675585,7,"[0.0, 1.79, 0.0, 0.31, 1.7, 1.79, -0.99, 1.79, 1.7, 0.31, -0.99, -0.99, 1.22, 0.31, -0.99, 0.26, 1.22, 0.31, -0.99, -0.22, 0.31, 0.31, -0.99, -0.22, 0.0, 0.31, -0.99, 0.96, 1.22, 1.22, -0.6, -0.99, -0.22, 1.23, -0.64]",0.2414285714285714,2.3603800225331657,">GFGALFKFLAKKVAKTVAKQAAKQGAKYVVNKQME
GFGALFKFLAKKVAKTVAKQAAKQGAKYVVNKQME",1005.seq,/data/AIpep/spiderData/1005.seq,"['C', 'H', 'H', 'H', 'H', 'H', 'H', 'H', 'H', 'H', 'H', 'H', 'H', 'H', 'H', 'H', 'H', 'H', 'H', 'H', 'H', 'H', 'H', 'H', 'C', 'H', 'H', 'H', 'H', 'H', 'H', 'H', 'H', 'C', 'C']",31,0.8857142857142857,0.0,0.11428571428571428,True
1440,V681 [V13L],ACT,KWKSFLKTFKSALKTVLHTALKAISS,AMD,"['Escherichia coli UB1005', 'Escherichia coli DC2', 'Salmonella typhimurium C610', 'Pseudomonas aeruginosa H187', 'Staphylococcus aureus SAP 0017', 'Staphylococcus epidermidis C621', 'Bacillus subtilis C971', 'Corynebacterium xerosis C875', 'Staphylococcus aureus ATCC 25923', 'Staphylococcus epidermidis ATCC 12228', 'Pseudomonas aeruginosa ATCC 27853', 'Escherichia coli ATCC 25922', 'Human cervical carcinoma HeLa', 'Human lung carcinoma A549', 'Human gastric cancer SGC-7901', 'Mouse skin melanoma B16']",False,True,True,1.0,training,0.9933455586433411,,,,0,KWKSFLKTFKSALKTVLHTALKAISS,1,KWKSFLKTFKSAEKTVLHTALKAISS,CC[C@H](C)[C@H](NC(=O)[C@H](C)NC(=O)[C@H](CCCCN)NC(=O)[C@H](CC(C)C)NC(=O)[C@H](C)NC(=O)[C@@H](NC(=O)[C@H](Cc1c[nH]cn1)NC(=O)[C@H](CC(C)C)NC(=O)[C@@H](NC(=O)[C@@H](NC(=O)[C@H](CCCCN)NC(=O)[C@H](CC(C)C)NC(=O)[C@H](C)NC(=O)[C@H](CO)NC(=O)[C@H](CCCCN)NC(=O)[C@H](Cc1ccccc1)NC(=O)[C@@H](NC(=O)[C@H](CCCCN)NC(=O)[C@H](CC(C)C)NC(=O)[C@H](Cc1ccccc1)NC(=O)[C@H](CO)NC(=O)[C@H](CCCCN)NC(=O)[C@H](Cc1c[nH]c2ccccc12)NC(=O)[C@@H](N)CCCCN)[C@@H](C)O)[C@@H](C)O)C(C)C)[C@@H](C)O)C(=O)N[C@@H](CO)C(=O)N[C@@H](CO)C(=O)O,[148235 721103  99402 ... 235036 152231 343310],0.0,KWKSFLKTFKSALKTVLHTALKAISS,0.068359375,KWKSFLKTFKlAVKTVLHTALKAISS,26,False,0.11538461538461539,0.0,0.0,0.0,0.07692307692307693,0.0,0.038461538461538464,0.038461538461538464,0.15384615384615385,0.0,0.0,0.0,0.23076923076923078,0.0,0.0,0.15384615384615385,0.11538461538461539,0.038461538461538464,0.038461538461538464,0.0,6,0,208,41,42,15,[2 1 2 2 2 2],6,1.83,0.5769230769230769,0.23076923076923078,0.3054580966569533,6,"[-0.99, 2.25, -0.99, -0.04, 1.79, 1.7, -0.99, 0.26, 1.79, -0.99, -0.04, 0.31, 1.7, -0.99, 0.26, 1.22, 1.7, 0.13, 0.26, 0.31, 1.7, -0.99, 0.31, 1.8, -0.04, -0.04]",0.4380769230769231,2.2683524432441637,">KWKSFLKTFKSALKTVLHTALKAISS
KWKSFLKTFKSALKTVLHTALKAISS",1440.seq,/data/AIpep/spiderData/1440.seq,"['C', 'H', 'H', 'H', 'H', 'H', 'H', 'H', 'H', 'H', 'H', 'H', 'H', 'H', 'H', 'H', 'H', 'H', 'H', 'H', 'H', 'H', 'H', 'H', 'H', 'C']",24,0.9230769230769231,0.0,0.07692307692307693,True
1441,V681 [V13A],ACT,KWKSFLKTFKSAAKTVLHTALKAISS,AMD,"['Escherichia coli UB1005', 'Escherichia coli DC2', 'Salmonella typhimurium C587', 'Salmonella typhimurium C610', 'Pseudomonas aeruginosa H187', 'Pseudomonas aeruginosa H188', 'Staphylococcus aureus 25923', 'Staphylococcus aureus SAP 0017', 'Staphylococcus epidermidis C621', 'Bacillus subtilis C971', 'Enterococcus faecalis C625', 'Corynebacterium xerosis C875', 'Staphylococcus aureus ATCC 25923', 'Staphylococcus epidermidis ATCC 12228', 'Pseudomonas aeruginosa ATCC 27853', 'Escherichia coli ATCC 25922', 'Human cervical carcinoma HeLa', 'Human lung carcinoma A549', 'Human gastric cancer SGC-7901', 'Mouse skin melanoma B16', 'Klebsiella pneumoniae ATCC 700603', 'Streptococcus pneumoniae ATCC 49619']",False,True,True,1.0,training,0.9759277105331421,,,,0,KWKSFLKTFKSAAKTVLHTALKAISS,1,KWKSFLKTFKSAEKTVLHTALKAISS,CC[C@H](C)[C@H](NC(=O)[C@H](C)NC(=O)[C@H](CCCCN)NC(=O)[C@H](CC(C)C)NC(=O)[C@H](C)NC(=O)[C@@H](NC(=O)[C@H](Cc1c[nH]cn1)NC(=O)[C@H](CC(C)C)NC(=O)[C@@H](NC(=O)[C@@H](NC(=O)[C@H](CCCCN)NC(=O)[C@H](C)NC(=O)[C@H](C)NC(=O)[C@H](CO)NC(=O)[C@H](CCCCN)NC(=O)[C@H](Cc1ccccc1)NC(=O)[C@@H](NC(=O)[C@H](CCCCN)NC(=O)[C@H](CC(C)C)NC(=O)[C@H](Cc1ccccc1)NC(=O)[C@H](CO)NC(=O)[C@H](CCCCN)NC(=O)[C@H](Cc1c[nH]c2ccccc12)NC(=O)[C@@H](N)CCCCN)[C@@H](C)O)[C@@H](C)O)C(C)C)[C@@H](C)O)C(=O)N[C@@H](CO)C(=O)N[C@@H](CO)C(=O)O,[148235 721103  99402 ... 235036 152231 343310],0.0,KWKSFLKTFKSAAKTVLHTALKAISS,0.0634765625,KWKSFLKTFKvAVKTVLHTALKAISS,26,False,0.15384615384615385,0.0,0.0,0.0,0.07692307692307693,0.0,0.038461538461538464,0.038461538461538464,0.11538461538461539,0.0,0.0,0.0,0.23076923076923078,0.0,0.0,0.15384615384615385,0.11538461538461539,0.038461538461538464,0.038461538461538464,0.0,6,0,205,41,42,14,[2 1 2 2 2 2],6,1.83,0.5384615384615384,0.23076923076923078,0.29625484508984634,6,"[-0.99, 2.25, -0.99, -0.04, 1.79, 1.7, -0.99, 0.26, 1.79, -0.99, -0.04, 0.31, 0.31, -0.99, 0.26, 1.22, 1.7, 0.13, 0.26, 0.31, 1.7, -0.99, 0.31, 1.8, -0.04, -0.04]",0.38461538461538464,2.259664573764815,">KWKSFLKTFKSAAKTVLHTALKAISS
KWKSFLKTFKSAAKTVLHTALKAISS",1441.seq,/data/AIpep/spiderData/1441.seq,"['C', 'H', 'H', 'H', 'H', 'H', 'H', 'H', 'H', 'H', 'H', 'H', 'H', 'H', 'H', 'H', 'H', 'H', 'H', 'H', 'H', 'H', 'H', 'H', 'H', 'C']",24,0.9230769230769231,0.0,0.07692307692307693,True
3270,"Halictine-1/18, HAL-1/18",nan,GMWSKILKHLIR,AMD,"['Bacillus subtilis 168', 'Staphylococcus aureus', 'Escherichia coli B', 'Human cervical carcinoma HeLa S3', 'Candida albicans F7-39/IDE99']",False,True,False,1.0,training,0.9995940923690796,,,,0,GMWSKILKHLIR,2,GMWSKIPGHLIR,CC[C@H](C)[C@H](NC(=O)[C@H](CC(C)C)NC(=O)[C@H](Cc1c[nH]cn1)NC(=O)[C@H](CCCCN)NC(=O)[C@H](CC(C)C)NC(=O)[C@@H](NC(=O)[C@H](CCCCN)NC(=O)[C@H](CO)NC(=O)[C@H](Cc1c[nH]c2ccccc12)NC(=O)[C@H](CCSC)NC(=O)CN)[C@@H](C)CC)C(=O)N[C@@H](CCCNC(=N)N)C(=O)O,[ 959134  198071   99402 ...  696992  586471 1297900],0.0,GMWSKILKHLIR,0.185546875,GMWSkILGHLIR,12,False,0.0,0.0,0.0,0.0,0.0,0.08333333333333333,0.08333333333333333,0.16666666666666666,0.16666666666666666,0.08333333333333333,0.0,0.0,0.16666666666666666,0.0,0.08333333333333333,0.08333333333333333,0.0,0.0,0.08333333333333333,0.0,3,0,104,19,21,7,[1 2 2],3,1.67,0.5833333333333334,0.25,0.4579374425907772,3,"[0.0, 1.23, 2.25, -0.04, -0.99, 1.8, 1.7, -0.99, 0.13, 1.7, 1.8, -1.01]",0.6316666666666667,1.4222929458056937,">GMWSKILKHLIR
GMWSKILKHLIR",3270.seq,/data/AIpep/spiderData/3270.seq,"['C', 'H', 'H', 'H', 'H', 'H', 'H', 'H', 'H', 'H', 'H', 'C']",10,0.8333333333333334,0.0,0.16666666666666666,True
3291,"Halictine-2/2, HAL-2/2",nan,GKWMKLLKHILK,AMD,"['Bacillus subtilis 168', 'Staphylococcus aureus', 'Escherichia coli B', 'Human cervical carcinoma HeLa S3', 'Candida albicans F7-39/IDE99']",False,True,False,1.0,test,0.9986183643341064,,,,1,GKWMHLLKHILK,0,GKWMKLLKHILK,CC[C@H](C)[C@H](NC(=O)[C@H](Cc1c[nH]cn1)NC(=O)[C@H](CCCCN)NC(=O)[C@H](CC(C)C)NC(=O)[C@H](CC(C)C)NC(=O)[C@H](CCCCN)NC(=O)[C@H](CCSC)NC(=O)[C@H](Cc1c[nH]c2ccccc12)NC(=O)[C@H](CCCCN)NC(=O)CN)C(=O)N[C@@H](CC(C)C)C(=O)N[C@@H](CCCCN)C(=O)O,[ 959134  721103   99402 ...  696992 1382711 2068298],0.12109375,GKWMHLLKHILK,0.0,GKWMKLLKHILK,12,False,0.0,0.0,0.0,0.0,0.0,0.08333333333333333,0.08333333333333333,0.08333333333333333,0.25,0.08333333333333333,0.0,0.0,0.3333333333333333,0.0,0.0,0.0,0.0,0.0,0.08333333333333333,0.0,4,0,105,19,19,8,[1 2 2],3,1.67,0.6666666666666666,0.3333333333333333,0.43583614971457146,4,"[0.0, -0.99, 2.25, 1.23, -0.99, 1.7, 1.7, -0.99, 0.13, 1.8, 1.7, -0.99]",0.5458333333333333,1.7314293253305555,">GKWMKLLKHILK
GKWMKLLKHILK",3291.seq,/data/AIpep/spiderData/3291.seq,"['C', 'H', 'H', 'H', 'H', 'H', 'H', 'H', 'H', 'H', 'H', 'C']",10,0.8333333333333334,0.0,0.16666666666666666,True
3414,Lasioglossin LL-III,nan,VNWKKILGKIIKVVK,AMD,"['Bacillus subtilis 168', 'Staphylococcus aureus', 'Escherichia coli B', 'Mouse lymphocytic leukemia L1210', 'Human promyelocytic leukemia HL-60', 'Human cervical carcinoma HeLa S3', 'Human lymphoblastic leukemia CCRF-CEM', 'Micrococcus luteus CCM 144', 'Candida albicans ATCC MYA-2876', 'Candida albicans ATCC MYA-2876', 'Candida tropicalis ATCC 750', 'Candida tropicalis ATCC 750']",False,True,False,1.0,training,0.9989576935768127,,,,0,VNWKKILGKIIKVVK,1,VNWKKILGKIIKVAK,CC[C@H](C)[C@H](NC(=O)[C@H](CCCCN)NC(=O)[C@H](CCCCN)NC(=O)[C@H](Cc1c[nH]c2ccccc12)NC(=O)[C@H](CC(N)=O)NC(=O)[C@@H](N)C(C)C)C(=O)N[C@@H](CC(C)C)C(=O)NCC(=O)N[C@@H](CCCCN)C(=O)N[C@H](C(=O)N[C@H](C(=O)N[C@@H](CCCCN)C(=O)N[C@H](C(=O)N[C@H](C(=O)N[C@@H](CCCCN)C(=O)O)C(C)C)C(C)C)[C@@H](C)CC)[C@@H](C)CC,[ 959134  175289   99402 ...  696992  586471 1645570],0.0,VNWKKILGKIIKVVK,0.0595703125,VNWKKILGKIIKVAK,15,False,0.0,0.0,0.0,0.0,0.0,0.06666666666666667,0.0,0.2,0.06666666666666667,0.0,0.06666666666666667,0.0,0.3333333333333333,0.0,0.0,0.0,0.0,0.2,0.06666666666666667,0.0,5,0,125,22,23,8,[1 2 2 2],4,1.75,0.5333333333333333,0.3333333333333333,0.364060770241377,5,"[1.22, -0.6, 2.25, -0.99, -0.99, 1.8, 1.7, 0.0, -0.99, 1.8, 1.8, -0.99, 1.22, 1.22, -0.99]",0.4973333333333333,1.99367336710786,">VNWKKILGKIIKVVK
VNWKKILGKIIKVVK",3414.seq,/data/AIpep/spiderData/3414.seq,"['C', 'C', 'H', 'H', 'H', 'H', 'H', 'H', 'H', 'H', 'H', 'H', 'H', 'H', 'C']",12,0.8,0.0,0.2,True
3415,Lasioglossin LL-III/1,nan,VNWKKILAKIIKVVK,AMD,"['Bacillus subtilis 168', 'Staphylococcus aureus', 'Escherichia coli B', 'Human cervical carcinoma HeLa S3', 'Human lymphoblastic leukemia CCRF-CEM']",False,True,False,1.0,training,0.9644394516944885,,,,0,VNWKKILAKIIKVVK,1,VNWKKVLAKIIKVVK,CC[C@H](C)[C@H](NC(=O)[C@H](CCCCN)NC(=O)[C@H](CCCCN)NC(=O)[C@H](Cc1c[nH]c2ccccc12)NC(=O)[C@H](CC(N)=O)NC(=O)[C@@H](N)C(C)C)C(=O)N[C@@H](CC(C)C)C(=O)N[C@@H](C)C(=O)N[C@@H](CCCCN)C(=O)N[C@H](C(=O)N[C@H](C(=O)N[C@@H](CCCCN)C(=O)N[C@H](C(=O)N[C@H](C(=O)N[C@@H](CCCCN)C(=O)O)C(C)C)C(C)C)[C@@H](C)CC)[C@@H](C)CC,[ 959134  175289   99402 ...  696992  586471 2207646],0.0,VNWKKILAKIIKVVK,0.068359375,VNWKKVLAKIIKVVK,15,False,0.06666666666666667,0.0,0.0,0.0,0.0,0.0,0.0,0.2,0.06666666666666667,0.0,0.06666666666666667,0.0,0.3333333333333333,0.0,0.0,0.0,0.0,0.2,0.06666666666666667,0.0,5,0,126,22,23,9,[1 3 2 2],4,2.0,0.6,0.3333333333333333,0.3595149039304084,5,"[1.22, -0.6, 2.25, -0.99, -0.99, 1.8, 1.7, 0.31, -0.99, 1.8, 1.8, -0.99, 1.22, 1.22, -0.99]",0.518,1.9893820693103057,">VNWKKILAKIIKVVK
VNWKKILAKIIKVVK",3415.seq,/data/AIpep/spiderData/3415.seq,"['C', 'C', 'H', 'H', 'H', 'H', 'H', 'H', 'H', 'H', 'H', 'H', 'H', 'H', 'C']",12,0.8,0.0,0.2,True
3418,Lasioglossin LL-III/4,nan,VNWKKILGKIKKVVK,AMD,['Human cervical carcinoma HeLa S3'],False,False,False,1.0,training,0.9975101947784424,,,,0,VNWKKILGKIKKVVK,2,VNWKKILGKIIKVAK,CC[C@H](C)[C@H](NC(=O)[C@H](CCCCN)NC(=O)[C@H](CCCCN)NC(=O)[C@H](Cc1c[nH]c2ccccc12)NC(=O)[C@H](CC(N)=O)NC(=O)[C@@H](N)C(C)C)C(=O)N[C@@H](CC(C)C)C(=O)NCC(=O)N[C@@H](CCCCN)C(=O)N[C@H](C(=O)N[C@@H](CCCCN)C(=O)N[C@@H](CCCCN)C(=O)N[C@H](C(=O)N[C@H](C(=O)N[C@@H](CCCCN)C(=O)O)C(C)C)C(C)C)[C@@H](C)CC,[ 959134  175289   99402 ...  696992 1382711 1645570],0.0,VNWKKILGKIKKVVK,0.1689453125,VNWKKILGKIIKVAK,15,False,0.0,0.0,0.0,0.0,0.0,0.06666666666666667,0.0,0.13333333333333333,0.06666666666666667,0.0,0.06666666666666667,0.0,0.4,0.0,0.0,0.0,0.0,0.2,0.06666666666666667,0.0,6,0,126,23,24,7,[1 2 1 2],4,1.5,0.4666666666666667,0.4,0.3624042921613304,6,"[1.22, -0.6, 2.25, -0.99, -0.99, 1.8, 1.7, 0.0, -0.99, 1.8, -0.99, -0.99, 1.22, 1.22, -0.99]",0.3113333333333333,2.3221096518002957,">VNWKKILGKIKKVVK
VNWKKILGKIKKVVK",3418.seq,/data/AIpep/spiderData/3418.seq,"['C', 'C', 'H', 'H', 'H', 'H', 'H', 'H', 'H', 'H', 'H', 'H', 'H', 'H', 'C']",12,0.8,0.0,0.2,True
3427,Lasioglossin LL-III/11,nan,VNWKKIILGKIIKVVK,AMD,"['Human cervical carcinoma HeLa S3', 'Human lymphoblastic leukemia CCRF-CEM']",False,False,False,1.0,training,0.9893709421157837,,,,0,VNWKKIILGKIIKVVK,2,VNWKKILGKIIKVAK,CC[C@H](C)[C@H](NC(=O)[C@H](CCCCN)NC(=O)[C@H](CCCCN)NC(=O)[C@H](Cc1c[nH]c2ccccc12)NC(=O)[C@H](CC(N)=O)NC(=O)[C@@H](N)C(C)C)C(=O)N[C@H](C(=O)N[C@@H](CC(C)C)C(=O)NCC(=O)N[C@@H](CCCCN)C(=O)N[C@H](C(=O)N[C@H](C(=O)N[C@@H](CCCCN)C(=O)N[C@H](C(=O)N[C@H](C(=O)N[C@@H](CCCCN)C(=O)O)C(C)C)C(C)C)[C@@H](C)CC)[C@@H](C)CC)[C@@H](C)CC,[ 959134  175289   99402 ...  696992  356855 1138370],0.0,VNWKKIILGKIIKVVK,0.3935546875,VNWKKILGKIIKVAK,16,False,0.0,0.0,0.0,0.0,0.0,0.0625,0.0,0.25,0.0625,0.0,0.0625,0.0,0.3125,0.0,0.0,0.0,0.0,0.1875,0.0625,0.0,5,0,133,23,24,9,[1 3 2 2],4,2.0,0.5625,0.3125,0.23690918545484893,5,"[1.22, -0.6, 2.25, -0.99, -0.99, 1.8, 1.8, 1.7, 0.0, -0.99, 1.8, 1.8, -0.99, 1.22, 1.22, -0.99]",0.5787500000000001,1.8736422710693774,">VNWKKIILGKIIKVVK
VNWKKIILGKIIKVVK",3427.seq,/data/AIpep/spiderData/3427.seq,"['C', 'C', 'H', 'H', 'H', 'H', 'H', 'H', 'H', 'E', 'E', 'E', 'E', 'E', 'C', 'C']",7,0.4375,0.3125,0.25,True
3428,Lasioglossin LL-III-D,nan,vnwkkilGkiikvvk,AMD,"['Human cervical carcinoma HeLa S3', 'Human lymphoblastic leukemia CCRF-CEM', 'Bacillus subtilis 168', 'Staphylococcus aureus', 'Escherichia coli B']",False,True,False,1.0,training,0.9988210201263428,,,,0,vnwkkilGkiikvvk,10,kklfkkilkyL,CC[C@@H](C)[C@@H](NC(=O)[C@@H](CCCCN)NC(=O)[C@@H](CCCCN)NC(=O)[C@@H](Cc1c[nH]c2ccccc12)NC(=O)[C@@H](CC(N)=O)NC(=O)[C@H](N)C(C)C)C(=O)N[C@H](CC(C)C)C(=O)NCC(=O)N[C@H](CCCCN)C(=O)N[C@@H](C(=O)N[C@@H](C(=O)N[C@H](CCCCN)C(=O)N[C@@H](C(=O)N[C@@H](C(=O)N[C@H](CCCCN)C(=O)O)C(C)C)C(C)C)[C@H](C)CC)[C@H](C)CC,[ 959134  175289   99402 ...  696992  586471 1645570],0.0,VNWKKILGKIIKVVK,0.0595703125,VNWKKILGKIIKVAK,15,True,0.0,0.0,0.0,0.0,0.0,0.06666666666666667,0.0,0.2,0.06666666666666667,0.0,0.06666666666666667,0.0,0.3333333333333333,0.0,0.0,0.0,0.0,0.2,0.06666666666666667,0.0,5,0,125,22,23,0,[1 2 2 2],4,1.75,0.0,0.3333333333333333,0.364060770241377,5,"[1.22, -0.6, 2.25, -0.99, -0.99, 1.8, 1.7, 0.0, -0.99, 1.8, 1.8, -0.99, 1.22, 1.22, -0.99]",0.4973333333333333,1.99367336710786,">vnwkkilGkiikvvk
vnwkkilGkiikvvk",3428.seq,/data/AIpep/spiderData/3428.seq,"['C', 'C', 'H', 'H', 'H', 'H', 'H', 'H', 'H', 'H', 'H', 'H', 'H', 'H', 'C']",12,0.8,0.0,0.2,True
3429,Lasioglossin LL-III/15,nan,VNFKKLLGKLLKVVK,AMD,['Human cervical carcinoma HeLa S3'],False,False,False,1.0,training,0.7502871155738831,,,,0,VNFKKLLGKLLKVVK,1,VNWKKLLGKLLKVVK,CC(C)C[C@H](NC(=O)[C@H](CC(C)C)NC(=O)[C@H](CCCCN)NC(=O)[C@H](CCCCN)NC(=O)[C@H](Cc1ccccc1)NC(=O)[C@H](CC(N)=O)NC(=O)[C@@H](N)C(C)C)C(=O)NCC(=O)N[C@@H](CCCCN)C(=O)N[C@@H](CC(C)C)C(=O)N[C@@H](CC(C)C)C(=O)N[C@@H](CCCCN)C(=O)N[C@H](C(=O)N[C@H](C(=O)N[C@@H](CCCCN)C(=O)O)C(C)C)C(C)C,[ 959134  721103   99402 ...  696992 1717623 3653524],0.0,VNFKKLLGKLLKVVK,0.2080078125,VNWKKLLGKLLKVVK,15,False,0.0,0.0,0.0,0.0,0.06666666666666667,0.06666666666666667,0.0,0.0,0.26666666666666666,0.0,0.06666666666666667,0.0,0.3333333333333333,0.0,0.0,0.0,0.0,0.2,0.0,0.0,5,0,122,22,22,12,[1 1 2 2 2],5,1.6,0.8,0.3333333333333333,0.35858496089830155,5,"[1.22, -0.6, 1.79, -0.99, -0.99, 1.7, 1.7, 0.0, -0.99, 1.7, 1.7, -0.99, 1.22, 1.22, -0.99]",0.4466666666666666,1.988504203087997,">VNFKKLLGKLLKVVK
VNFKKLLGKLLKVVK",3429.seq,/data/AIpep/spiderData/3429.seq,"['C', 'C', 'H', 'H', 'H', 'H', 'H', 'H', 'H', 'H', 'H', 'H', 'H', 'H', 'C']",12,0.8,0.0,0.2,True
3431,Lasioglossin LL-III/17,nan,VNWRRILGRIIRVVR,AMD,['Human cervical carcinoma HeLa S3'],False,False,False,1.0,training,0.9103052020072937,,,,0,VNWRRILGRIIRVVR,6,VNWKKILGKIIKVAK,CC[C@H](C)[C@H](NC(=O)[C@H](CCCNC(=N)N)NC(=O)[C@H](CCCNC(=N)N)NC(=O)[C@H](Cc1c[nH]c2ccccc12)NC(=O)[C@H](CC(N)=O)NC(=O)[C@@H](N)C(C)C)C(=O)N[C@@H](CC(C)C)C(=O)NCC(=O)N[C@@H](CCCNC(=N)N)C(=O)N[C@H](C(=O)N[C@H](C(=O)N[C@@H](CCCNC(=N)N)C(=O)N[C@H](C(=O)N[C@H](C(=O)N[C@@H](CCCNC(=N)N)C(=O)O)C(C)C)C(C)C)[C@@H](C)CC)[C@@H](C)CC,[1474567  175289   21952 ...  696992   61383  280610],0.0,VNWRRILGRIIRVVR,0.4833984375,VNWKKILGKIIKVAK,15,False,0.0,0.0,0.0,0.0,0.0,0.06666666666666667,0.0,0.2,0.06666666666666667,0.0,0.06666666666666667,0.0,0.0,0.0,0.3333333333333333,0.0,0.0,0.2,0.06666666666666667,0.0,5,0,135,22,33,8,[1 2 2 2],4,1.75,0.5333333333333333,0.3333333333333333,0.5100674422607662,5,"[1.22, -0.6, 2.25, -1.01, -1.01, 1.8, 1.7, 0.0, -1.01, 1.8, 1.8, -1.01, 1.22, 1.22, -1.01]",0.49066666666666675,2.1315036654941633,">VNWRRILGRIIRVVR
VNWRRILGRIIRVVR",3431.seq,/data/AIpep/spiderData/3431.seq,"['C', 'C', 'H', 'H', 'H', 'H', 'H', 'H', 'H', 'H', 'H', 'H', 'H', 'H', 'C']",12,0.8,0.0,0.2,True
3432,Lasioglossin LL-III/18,nan,KNWKKILKKIIKVVK,AMD,"['Human cervical carcinoma HeLa S3', 'Human lymphoblastic leukemia CCRF-CEM']",False,False,False,1.0,training,0.9987452626228333,,,,0,KNWKKILKKIIKVVK,2,VNWKKILKKIIKVAK,CC[C@H](C)[C@H](NC(=O)[C@H](CCCCN)NC(=O)[C@H](CCCCN)NC(=O)[C@H](Cc1c[nH]c2ccccc12)NC(=O)[C@H](CC(N)=O)NC(=O)[C@@H](N)CCCCN)C(=O)N[C@@H](CC(C)C)C(=O)N[C@@H](CCCCN)C(=O)N[C@@H](CCCCN)C(=O)N[C@H](C(=O)N[C@H](C(=O)N[C@@H](CCCCN)C(=O)N[C@H](C(=O)N[C@H](C(=O)N[C@@H](CCCCN)C(=O)O)C(C)C)C(C)C)[C@@H](C)CC)[C@@H](C)CC,[ 959134  175289   99402 ...  696992  586471 2207646],0.0,KNWKKILKKIIKVVK,0.16015625,VNWKKILKKIIKVAK,15,False,0.0,0.0,0.0,0.0,0.0,0.0,0.0,0.2,0.06666666666666667,0.0,0.06666666666666667,0.0,0.4666666666666667,0.0,0.0,0.0,0.0,0.13333333333333333,0.06666666666666667,0.0,7,0,132,24,25,7,[2 2 2],3,2.0,0.4666666666666667,0.4666666666666667,0.5384819943522942,7,"[-0.99, -0.6, 2.25, -0.99, -0.99, 1.8, 1.7, -0.99, -0.99, 1.8, 1.8, -0.99, 1.22, 1.22, -0.99]",0.2839999999999999,2.818327002668566,">KNWKKILKKIIKVVK
KNWKKILKKIIKVVK",3432.seq,/data/AIpep/spiderData/3432.seq,"['C', 'H', 'H', 'H', 'H', 'H', 'H', 'H', 'H', 'H', 'H', 'H', 'H', 'H', 'C']",13,0.8666666666666667,0.0,0.13333333333333333,True
3435,Lasioglossin LL-III/23,nan,VNWKKLLGKLLKVVK,AMD,"['Human cervical carcinoma HeLa S3', 'Human lymphoblastic leukemia CCRF-CEM']",False,False,False,1.0,test,0.9925784468650818,,,,1,VNFKKLLGKLLKVVK,0,VNWKKLLGKLLKVVK,CC(C)C[C@H](NC(=O)[C@H](CC(C)C)NC(=O)[C@H](CCCCN)NC(=O)[C@H](CCCCN)NC(=O)[C@H](Cc1c[nH]c2ccccc12)NC(=O)[C@H](CC(N)=O)NC(=O)[C@@H](N)C(C)C)C(=O)NCC(=O)N[C@@H](CCCCN)C(=O)N[C@@H](CC(C)C)C(=O)N[C@@H](CC(C)C)C(=O)N[C@@H](CCCCN)C(=O)N[C@H](C(=O)N[C@H](C(=O)N[C@@H](CCCCN)C(=O)O)C(C)C)C(C)C,[ 959134  198071   99402 ...  696992 1717623 2068298],0.0,vnwkkllGkllkvvk,0.0,VNWKKLLGKLLKVVK,15,False,0.0,0.0,0.0,0.0,0.0,0.06666666666666667,0.0,0.0,0.26666666666666666,0.0,0.06666666666666667,0.0,0.3333333333333333,0.0,0.0,0.0,0.0,0.2,0.06666666666666667,0.0,5,0,125,22,23,11,[1 2 2 2],4,1.75,0.7333333333333333,0.3333333333333333,0.3425871018484704,5,"[1.22, -0.6, 2.25, -0.99, -0.99, 1.7, 1.7, 0.0, -0.99, 1.7, 1.7, -0.99, 1.22, 1.22, -0.99]",0.47733333333333333,1.9734022241449563,">VNWKKLLGKLLKVVK
VNWKKLLGKLLKVVK",3435.seq,/data/AIpep/spiderData/3435.seq,"['C', 'C', 'H', 'H', 'H', 'H', 'H', 'H', 'H', 'H', 'H', 'H', 'H', 'H', 'C']",12,0.8,0.0,0.2,True
3437,Lasioglossin LL-III/25,nan,vnwkkllGkllkvvk,AMD,"['Human cervical carcinoma HeLa S3', 'Human lymphoblastic leukemia CCRF-CEM']",False,False,False,1.0,training,0.9998641014099121,,,,0,vnwkkllGkllkvvk,8,klklllllklk,CC(C)C[C@@H](NC(=O)[C@@H](CC(C)C)NC(=O)[C@@H](CCCCN)NC(=O)[C@@H](CCCCN)NC(=O)[C@@H](Cc1c[nH]c2ccccc12)NC(=O)[C@@H](CC(N)=O)NC(=O)[C@H](N)C(C)C)C(=O)NCC(=O)N[C@H](CCCCN)C(=O)N[C@H](CC(C)C)C(=O)N[C@H](CC(C)C)C(=O)N[C@H](CCCCN)C(=O)N[C@@H](C(=O)N[C@@H](C(=O)N[C@H](CCCCN)C(=O)O)C(C)C)C(C)C,[ 959134  198071   99402 ...  696992 1717623 2068298],0.0,vnwkkllGkllkvvk,0.0,VNWKKLLGKLLKVVK,15,True,0.0,0.0,0.0,0.0,0.0,0.06666666666666667,0.0,0.0,0.26666666666666666,0.0,0.06666666666666667,0.0,0.3333333333333333,0.0,0.0,0.0,0.0,0.2,0.06666666666666667,0.0,5,0,125,22,23,0,[1 2 2 2],4,1.75,0.0,0.3333333333333333,0.3425871018484704,5,"[1.22, -0.6, 2.25, -0.99, -0.99, 1.7, 1.7, 0.0, -0.99, 1.7, 1.7, -0.99, 1.22, 1.22, -0.99]",0.47733333333333333,1.9734022241449563,">vnwkkllGkllkvvk
vnwkkllGkllkvvk",3437.seq,/data/AIpep/spiderData/3437.seq,"['C', 'C', 'H', 'H', 'H', 'H', 'H', 'H', 'H', 'H', 'H', 'H', 'H', 'H', 'C']",12,0.8,0.0,0.2,True
3438,Lasioglossin LL-III/26,nan,VYWKKILGKIIKVVK,AMD,"['Human cervical carcinoma HeLa S3', 'Human lymphoblastic leukemia CCRF-CEM']",False,False,False,1.0,training,0.9932013154029846,,,,0,VYWKKILGKIIKVVK,2,VNWKKILGKIIKVAK,CC[C@H](C)[C@H](NC(=O)[C@H](CCCCN)NC(=O)[C@H](CCCCN)NC(=O)[C@H](Cc1c[nH]c2ccccc12)NC(=O)[C@H](Cc1ccc(O)cc1)NC(=O)[C@@H](N)C(C)C)C(=O)N[C@@H](CC(C)C)C(=O)NCC(=O)N[C@@H](CCCCN)C(=O)N[C@H](C(=O)N[C@H](C(=O)N[C@@H](CCCCN)C(=O)N[C@H](C(=O)N[C@H](C(=O)N[C@@H](CCCCN)C(=O)O)C(C)C)C(C)C)[C@@H](C)CC)[C@@H](C)CC,[959134 175289  99402 ... 696992 586471  51286],0.0,VYWKKILGKIIKVVK,0.224609375,VNWKKILGKIIKVAK,15,False,0.0,0.0,0.0,0.0,0.0,0.06666666666666667,0.0,0.2,0.06666666666666667,0.0,0.0,0.0,0.3333333333333333,0.0,0.0,0.0,0.0,0.2,0.06666666666666667,0.06666666666666667,5,0,129,22,23,8,[1 2 2 2],4,1.75,0.5333333333333333,0.3333333333333333,0.35871191907818595,5,"[1.22, 0.96, 2.25, -0.99, -0.99, 1.8, 1.7, 0.0, -0.99, 1.8, 1.8, -0.99, 1.22, 1.22, -0.99]",0.6013333333333333,1.9886240516098077,">VYWKKILGKIIKVVK
VYWKKILGKIIKVVK",3438.seq,/data/AIpep/spiderData/3438.seq,"['C', 'H', 'H', 'H', 'H', 'H', 'H', 'H', 'H', 'H', 'H', 'H', 'H', 'C', 'C']",12,0.8,0.0,0.2,True
3440,Lasioglossin LL-III/34,nan,NKWKKILGKIIKVVK,AMD,"['Human cervical carcinoma HeLa S3', 'Human lymphoblastic leukemia CCRF-CEM']",False,False,False,1.0,training,0.9985479116439819,,,,0,NKWKKILGKIIKVVK,3,VNWKKILGKIIKVAK,CC[C@H](C)[C@H](NC(=O)[C@H](CCCCN)NC(=O)[C@H](CCCCN)NC(=O)[C@H](Cc1c[nH]c2ccccc12)NC(=O)[C@H](CCCCN)NC(=O)[C@@H](N)CC(N)=O)C(=O)N[C@@H](CC(C)C)C(=O)NCC(=O)N[C@@H](CCCCN)C(=O)N[C@H](C(=O)N[C@H](C(=O)N[C@@H](CCCCN)C(=O)N[C@H](C(=O)N[C@H](C(=O)N[C@@H](CCCCN)C(=O)O)C(C)C)C(C)C)[C@@H](C)CC)[C@@H](C)CC,[ 959134  175289   99402 ...  696992  586471 1138370],0.0,NKWKKILGKIIKVVK,0.232421875,VNWKKILGKIIKVAK,15,False,0.0,0.0,0.0,0.0,0.0,0.06666666666666667,0.0,0.2,0.06666666666666667,0.0,0.06666666666666667,0.0,0.4,0.0,0.0,0.0,0.0,0.13333333333333333,0.06666666666666667,0.0,6,0,127,23,24,7,[2 2 2],3,2.0,0.4666666666666667,0.4,0.44333934042064815,6,"[-0.6, -0.99, 2.25, -0.99, -0.99, 1.8, 1.7, 0.0, -0.99, 1.8, 1.8, -0.99, 1.22, 1.22, -0.99]",0.3499999999999999,2.398512337357092,">NKWKKILGKIIKVVK
NKWKKILGKIIKVVK",3440.seq,/data/AIpep/spiderData/3440.seq,"['C', 'H', 'H', 'H', 'H', 'H', 'H', 'H', 'H', 'H', 'H', 'H', 'H', 'H', 'C']",13,0.8666666666666667,0.0,0.13333333333333333,True
3441,Lasioglossin LL-III/37,nan,VNWKKVLAKIIKVVK,AMD,"['Human cervical carcinoma HeLa S3', 'Human lymphoblastic leukemia CCRF-CEM']",False,False,False,1.0,test,0.9880579710006714,,,,1,VNWKKILAKIIKVVK,0,VNWKKVLAKIIKVVK,CC[C@H](C)[C@H](NC(=O)[C@H](CCCCN)NC(=O)[C@H](C)NC(=O)[C@H](CC(C)C)NC(=O)[C@@H](NC(=O)[C@H](CCCCN)NC(=O)[C@H](CCCCN)NC(=O)[C@H](Cc1c[nH]c2ccccc12)NC(=O)[C@H](CC(N)=O)NC(=O)[C@@H](N)C(C)C)C(C)C)C(=O)N[C@H](C(=O)N[C@@H](CCCCN)C(=O)N[C@H](C(=O)N[C@H](C(=O)N[C@@H](CCCCN)C(=O)O)C(C)C)C(C)C)[C@@H](C)CC,[ 959134  721103   99402 ...  696992  586471 2207646],0.068359375,VNWKKILAKIIKVVK,0.0,VNWKKVLAKIIKVVK,15,False,0.06666666666666667,0.0,0.0,0.0,0.0,0.0,0.0,0.13333333333333333,0.06666666666666667,0.0,0.06666666666666667,0.0,0.3333333333333333,0.0,0.0,0.0,0.0,0.26666666666666666,0.06666666666666667,0.0,5,0,125,22,23,9,[1 3 2 2],4,2.0,0.6,0.3333333333333333,0.3535582382828476,5,"[1.22, -0.6, 2.25, -0.99, -0.99, 1.22, 1.7, 0.31, -0.99, 1.8, 1.8, -0.99, 1.22, 1.22, -0.99]",0.4793333333333333,1.9837589769390083,">VNWKKVLAKIIKVVK
VNWKKVLAKIIKVVK",3441.seq,/data/AIpep/spiderData/3441.seq,"['C', 'C', 'H', 'H', 'H', 'H', 'H', 'H', 'H', 'H', 'H', 'H', 'H', 'H', 'C']",12,0.8,0.0,0.2,True
3449,Macropin 1 [G3K],nan,GFKMALKLLKKVL,AMD,"['Human cervical carcinoma HeLa S3', 'Bacillus subtilis 168', 'Staphylococcus aureus', 'Escherichia coli B', 'Candida albicans F7-39/IDE99']",False,True,False,1.0,training,0.9990994334220886,,,,0,GFKMALKLLKKVL,2,GFGMAlKLLKKVL,CSCC[C@H](NC(=O)[C@H](CCCCN)NC(=O)[C@H](Cc1ccccc1)NC(=O)CN)C(=O)N[C@@H](C)C(=O)N[C@@H](CC(C)C)C(=O)N[C@@H](CCCCN)C(=O)N[C@@H](CC(C)C)C(=O)N[C@@H](CC(C)C)C(=O)N[C@@H](CCCCN)C(=O)N[C@@H](CCCCN)C(=O)N[C@H](C(=O)N[C@@H](CC(C)C)C(=O)O)C(C)C,[ 505114  721103   99402 ...  696992  908807 2296346],0.0,GFKMALKLLKKVL,0.0,GfkMALKLLKKVL,13,False,0.07692307692307693,0.0,0.0,0.0,0.07692307692307693,0.07692307692307693,0.0,0.0,0.3076923076923077,0.07692307692307693,0.0,0.0,0.3076923076923077,0.0,0.0,0.0,0.0,0.07692307692307693,0.0,0.0,4,0,104,19,18,12,[1 3 2 2],4,2.0,0.9230769230769231,0.3076923076923077,0.4150823694710241,4,"[0.0, 1.79, -0.99, 1.23, 0.31, 1.7, -0.99, 1.7, 1.7, -0.99, -0.99, 1.22, 1.7]",0.5684615384615385,1.7118377567806469,">GFKMALKLLKKVL
GFKMALKLLKKVL",3449.seq,/data/AIpep/spiderData/3449.seq,"['C', 'H', 'H', 'H', 'H', 'H', 'H', 'H', 'H', 'H', 'H', 'H', 'C']",11,0.8461538461538461,0.0,0.15384615384615385,True
4703,"Peptide P [K7k; A12,20L]",ACT,KWKSFLkTFKSLKKTVLHTLLKAISS,AMD,"['Human cervical carcinoma HeLa', 'Escherichia coli ATCC 25922', 'Pseudomonas aeruginosa ATCC 27853', 'Staphylococcus aureus ATCC 25923', 'Bacillus subtilis ATCC 49619']",False,True,True,1.0,training,0.9889516234397888,,,,0,KWKSFLkTFKSLKKTVLHTLLKAISS,1,KWKSFLkTFKSLKkTVLHTLLKAISS,CC[C@H](C)[C@H](NC(=O)[C@H](C)NC(=O)[C@H](CCCCN)NC(=O)[C@H](CC(C)C)NC(=O)[C@H](CC(C)C)NC(=O)[C@@H](NC(=O)[C@H](Cc1c[nH]cn1)NC(=O)[C@H](CC(C)C)NC(=O)[C@@H](NC(=O)[C@@H](NC(=O)[C@H](CCCCN)NC(=O)[C@H](CCCCN)NC(=O)[C@H](CC(C)C)NC(=O)[C@H](CO)NC(=O)[C@H](CCCCN)NC(=O)[C@H](Cc1ccccc1)NC(=O)[C@@H](NC(=O)[C@@H](CCCCN)NC(=O)[C@H](CC(C)C)NC(=O)[C@H](Cc1ccccc1)NC(=O)[C@H](CO)NC(=O)[C@H](CCCCN)NC(=O)[C@H](Cc1c[nH]c2ccccc12)NC(=O)[C@@H](N)CCCCN)[C@@H](C)O)[C@@H](C)O)C(C)C)[C@@H](C)O)C(=O)N[C@@H](CO)C(=O)N[C@@H](CO)C(=O)O,[148235 721103  99402 ... 235036 152231 343310],0.0,KWKSFLKTFKSLKKTVLHTLLKAISS,0.0,KWKSFLkTFKSLKkTVLHTLLKAISS,26,True,0.038461538461538464,0.0,0.0,0.0,0.07692307692307693,0.0,0.038461538461538464,0.038461538461538464,0.19230769230769232,0.0,0.0,0.0,0.2692307692307692,0.0,0.0,0.15384615384615385,0.11538461538461539,0.038461538461538464,0.038461538461538464,0.0,7,0,215,42,43,15,[2 1 1 2 2 2],6,1.67,0.5769230769230769,0.2692307692307692,0.26898964955300797,7,"[-0.99, 2.25, -0.99, -0.04, 1.79, 1.7, -0.99, 0.26, 1.79, -0.99, -0.04, 1.7, -0.99, -0.99, 0.26, 1.22, 1.7, 0.13, 0.26, 1.7, 1.7, -0.99, 0.31, 1.8, -0.04, -0.04]",0.44153846153846155,2.5639262291780396,">KWKSFLkTFKSLKKTVLHTLLKAISS
KWKSFLkTFKSLKKTVLHTLLKAISS",4703.seq,/data/AIpep/spiderData/4703.seq,"['C', 'H', 'H', 'H', 'H', 'H', 'H', 'H', 'H', 'H', 'H', 'H', 'H', 'H', 'H', 'H', 'H', 'H', 'H', 'H', 'H', 'H', 'H', 'H', 'H', 'C']",24,0.9230769230769231,0.0,0.07692307692307693,True
4705,"Peptide P [K14k; A12,20L]",ACT,KWKSFLKTFKSLKkTVLHTLLKAISS,AMD,"['Human cervical carcinoma HeLa', 'Escherichia coli ATCC 25922', 'Pseudomonas aeruginosa ATCC 27853', 'Staphylococcus aureus ATCC 25923', 'Bacillus subtilis ATCC 49619']",False,True,True,1.0,training,0.9896669983863831,,,,0,KWKSFLKTFKSLKkTVLHTLLKAISS,1,KWKSFLkTFKSLKkTVLHTLLKAISS,CC[C@H](C)[C@H](NC(=O)[C@H](C)NC(=O)[C@H](CCCCN)NC(=O)[C@H](CC(C)C)NC(=O)[C@H](CC(C)C)NC(=O)[C@@H](NC(=O)[C@H](Cc1c[nH]cn1)NC(=O)[C@H](CC(C)C)NC(=O)[C@@H](NC(=O)[C@@H](NC(=O)[C@@H](CCCCN)NC(=O)[C@H](CCCCN)NC(=O)[C@H](CC(C)C)NC(=O)[C@H](CO)NC(=O)[C@H](CCCCN)NC(=O)[C@H](Cc1ccccc1)NC(=O)[C@@H](NC(=O)[C@H](CCCCN)NC(=O)[C@H](CC(C)C)NC(=O)[C@H](Cc1ccccc1)NC(=O)[C@H](CO)NC(=O)[C@H](CCCCN)NC(=O)[C@H](Cc1c[nH]c2ccccc12)NC(=O)[C@@H](N)CCCCN)[C@@H](C)O)[C@@H](C)O)C(C)C)[C@@H](C)O)C(=O)N[C@@H](CO)C(=O)N[C@@H](CO)C(=O)O,[148235 721103  99402 ... 235036 152231 343310],0.0,KWKSFLKTFKSLKKTVLHTLLKAISS,0.0,KWKSFLkTFKSLKkTVLHTLLKAISS,26,True,0.038461538461538464,0.0,0.0,0.0,0.07692307692307693,0.0,0.038461538461538464,0.038461538461538464,0.19230769230769232,0.0,0.0,0.0,0.2692307692307692,0.0,0.0,0.15384615384615385,0.11538461538461539,0.038461538461538464,0.038461538461538464,0.0,7,0,215,42,43,15,[2 1 1 2 2 2],6,1.67,0.5769230769230769,0.2692307692307692,0.26898964955300797,7,"[-0.99, 2.25, -0.99, -0.04, 1.79, 1.7, -0.99, 0.26, 1.79, -0.99, -0.04, 1.7, -0.99, -0.99, 0.26, 1.22, 1.7, 0.13, 0.26, 1.7, 1.7, -0.99, 0.31, 1.8, -0.04, -0.04]",0.44153846153846155,2.5639262291780396,">KWKSFLKTFKSLKkTVLHTLLKAISS
KWKSFLKTFKSLKkTVLHTLLKAISS",4705.seq,/data/AIpep/spiderData/4705.seq,"['C', 'H', 'H', 'H', 'H', 'H', 'H', 'H', 'H', 'H', 'H', 'H', 'H', 'H', 'H', 'H', 'H', 'H', 'H', 'H', 'H', 'H', 'H', 'H', 'H', 'C']",24,0.9230769230769231,0.0,0.07692307692307693,True
4707,"Peptide P [K22k; A12,20L]",ACT,KWKSFLKTFKSLKKTVLHTLLkAISS,AMD,"['Human cervical carcinoma HeLa', 'Escherichia coli ATCC 25922', 'Pseudomonas aeruginosa ATCC 27853', 'Klebsiella pneumoniae ATCC 700603', 'Staphylococcus aureus ATCC 25923', 'Staphylococcus epidermidis ATCC 12228', 'Streptococcus pneumoniae ATCC 49619', 'Bacillus subtilis ATCC 49619']",False,True,True,1.0,training,0.9979145526885986,,,,0,KWKSFLKTFKSLKKTVLHTLLkAISS,2,KWKSFLkTFKSLKkTVLHTLLkAISS,CC[C@H](C)[C@H](NC(=O)[C@H](C)NC(=O)[C@@H](CCCCN)NC(=O)[C@H](CC(C)C)NC(=O)[C@H](CC(C)C)NC(=O)[C@@H](NC(=O)[C@H](Cc1c[nH]cn1)NC(=O)[C@H](CC(C)C)NC(=O)[C@@H](NC(=O)[C@@H](NC(=O)[C@H](CCCCN)NC(=O)[C@H](CCCCN)NC(=O)[C@H](CC(C)C)NC(=O)[C@H](CO)NC(=O)[C@H](CCCCN)NC(=O)[C@H](Cc1ccccc1)NC(=O)[C@@H](NC(=O)[C@H](CCCCN)NC(=O)[C@H](CC(C)C)NC(=O)[C@H](Cc1ccccc1)NC(=O)[C@H](CO)NC(=O)[C@H](CCCCN)NC(=O)[C@H](Cc1c[nH]c2ccccc12)NC(=O)[C@@H](N)CCCCN)[C@@H](C)O)[C@@H](C)O)C(C)C)[C@@H](C)O)C(=O)N[C@@H](CO)C(=O)N[C@@H](CO)C(=O)O,[148235 721103  99402 ... 235036 152231 343310],0.0,KWKSFLKTFKSLKKTVLHTLLKAISS,0.0,KWKSFLkTFKSLKkTVLHTLLKAISS,26,True,0.038461538461538464,0.0,0.0,0.0,0.07692307692307693,0.0,0.038461538461538464,0.038461538461538464,0.19230769230769232,0.0,0.0,0.0,0.2692307692307692,0.0,0.0,0.15384615384615385,0.11538461538461539,0.038461538461538464,0.038461538461538464,0.0,7,0,215,42,43,15,[2 1 1 2 2 2],6,1.67,0.5769230769230769,0.2692307692307692,0.26898964955300797,7,"[-0.99, 2.25, -0.99, -0.04, 1.79, 1.7, -0.99, 0.26, 1.79, -0.99, -0.04, 1.7, -0.99, -0.99, 0.26, 1.22, 1.7, 0.13, 0.26, 1.7, 1.7, -0.99, 0.31, 1.8, -0.04, -0.04]",0.44153846153846155,2.5639262291780396,">KWKSFLKTFKSLKKTVLHTLLkAISS
KWKSFLKTFKSLKKTVLHTLLkAISS",4707.seq,/data/AIpep/spiderData/4707.seq,"['C', 'H', 'H', 'H', 'H', 'H', 'H', 'H', 'H', 'H', 'H', 'H', 'H', 'H', 'H', 'H', 'H', 'H', 'H', 'H', 'H', 'H', 'H', 'H', 'H', 'C']",24,0.9230769230769231,0.0,0.07692307692307693,True
4710,"Peptide P [K7,14k; A12,20L]",ACT,KWKSFLkTFKSLKkTVLHTLLKAISS,AMD,"['Human cervical carcinoma HeLa', 'Escherichia coli ATCC 25922', 'Pseudomonas aeruginosa ATCC 27853', 'Staphylococcus aureus ATCC 25923', 'Bacillus subtilis ATCC 49619']",False,True,True,1.0,test,0.9744391441345215,,,,1,KWKSFLkTFKSLKKTVLHTLLKAISS,0,KWKSFLkTFKSLKkTVLHTLLKAISS,CC[C@H](C)[C@H](NC(=O)[C@H](C)NC(=O)[C@H](CCCCN)NC(=O)[C@H](CC(C)C)NC(=O)[C@H](CC(C)C)NC(=O)[C@@H](NC(=O)[C@H](Cc1c[nH]cn1)NC(=O)[C@H](CC(C)C)NC(=O)[C@@H](NC(=O)[C@@H](NC(=O)[C@@H](CCCCN)NC(=O)[C@H](CCCCN)NC(=O)[C@H](CC(C)C)NC(=O)[C@H](CO)NC(=O)[C@H](CCCCN)NC(=O)[C@H](Cc1ccccc1)NC(=O)[C@@H](NC(=O)[C@@H](CCCCN)NC(=O)[C@H](CC(C)C)NC(=O)[C@H](Cc1ccccc1)NC(=O)[C@H](CO)NC(=O)[C@H](CCCCN)NC(=O)[C@H](Cc1c[nH]c2ccccc12)NC(=O)[C@@H](N)CCCCN)[C@@H](C)O)[C@@H](C)O)C(C)C)[C@@H](C)O)C(=O)N[C@@H](CO)C(=O)N[C@@H](CO)C(=O)O,[148235 721103  99402 ... 235036 152231 343310],0.0,KWKSFLKTFKSLKKTVLHTLLKAISS,0.0,KWKSFLkTFKSLKkTVLHTLLKAISS,26,True,0.038461538461538464,0.0,0.0,0.0,0.07692307692307693,0.0,0.038461538461538464,0.038461538461538464,0.19230769230769232,0.0,0.0,0.0,0.2692307692307692,0.0,0.0,0.15384615384615385,0.11538461538461539,0.038461538461538464,0.038461538461538464,0.0,7,0,215,42,43,15,[2 1 1 2 2 2],6,1.67,0.5769230769230769,0.2692307692307692,0.26898964955300797,7,"[-0.99, 2.25, -0.99, -0.04, 1.79, 1.7, -0.99, 0.26, 1.79, -0.99, -0.04, 1.7, -0.99, -0.99, 0.26, 1.22, 1.7, 0.13, 0.26, 1.7, 1.7, -0.99, 0.31, 1.8, -0.04, -0.04]",0.44153846153846155,2.5639262291780396,">KWKSFLkTFKSLKkTVLHTLLKAISS
KWKSFLkTFKSLKkTVLHTLLKAISS",4710.seq,/data/AIpep/spiderData/4710.seq,"['C', 'H', 'H', 'H', 'H', 'H', 'H', 'H', 'H', 'H', 'H', 'H', 'H', 'H', 'H', 'H', 'H', 'H', 'H', 'H', 'H', 'H', 'H', 'H', 'H', 'C']",24,0.9230769230769231,0.0,0.07692307692307693,True
4711,"Peptide P [K14,22k; A12,20L]",ACT,KWKSFLKTFKSLKkTVLHTLLkAISS,AMD,"['Human cervical carcinoma HeLa', 'Escherichia coli ATCC 25922', 'Pseudomonas aeruginosa ATCC 27853', 'Staphylococcus aureus ATCC 25923', 'Bacillus subtilis ATCC 49619']",False,True,True,1.0,training,0.9870970249176025,,,,0,KWKSFLKTFKSLKkTVLHTLLkAISS,1,KWKSFLkTFKSLKkTVLHTLLkAISS,CC[C@H](C)[C@H](NC(=O)[C@H](C)NC(=O)[C@@H](CCCCN)NC(=O)[C@H](CC(C)C)NC(=O)[C@H](CC(C)C)NC(=O)[C@@H](NC(=O)[C@H](Cc1c[nH]cn1)NC(=O)[C@H](CC(C)C)NC(=O)[C@@H](NC(=O)[C@@H](NC(=O)[C@@H](CCCCN)NC(=O)[C@H](CCCCN)NC(=O)[C@H](CC(C)C)NC(=O)[C@H](CO)NC(=O)[C@H](CCCCN)NC(=O)[C@H](Cc1ccccc1)NC(=O)[C@@H](NC(=O)[C@H](CCCCN)NC(=O)[C@H](CC(C)C)NC(=O)[C@H](Cc1ccccc1)NC(=O)[C@H](CO)NC(=O)[C@H](CCCCN)NC(=O)[C@H](Cc1c[nH]c2ccccc12)NC(=O)[C@@H](N)CCCCN)[C@@H](C)O)[C@@H](C)O)C(C)C)[C@@H](C)O)C(=O)N[C@@H](CO)C(=O)N[C@@H](CO)C(=O)O,[148235 721103  99402 ... 235036 152231 343310],0.0,KWKSFLKTFKSLKKTVLHTLLKAISS,0.0,KWKSFLkTFKSLKkTVLHTLLKAISS,26,True,0.038461538461538464,0.0,0.0,0.0,0.07692307692307693,0.0,0.038461538461538464,0.038461538461538464,0.19230769230769232,0.0,0.0,0.0,0.2692307692307692,0.0,0.0,0.15384615384615385,0.11538461538461539,0.038461538461538464,0.038461538461538464,0.0,7,0,215,42,43,15,[2 1 1 2 2 2],6,1.67,0.5769230769230769,0.2692307692307692,0.26898964955300797,7,"[-0.99, 2.25, -0.99, -0.04, 1.79, 1.7, -0.99, 0.26, 1.79, -0.99, -0.04, 1.7, -0.99, -0.99, 0.26, 1.22, 1.7, 0.13, 0.26, 1.7, 1.7, -0.99, 0.31, 1.8, -0.04, -0.04]",0.44153846153846155,2.5639262291780396,">KWKSFLKTFKSLKkTVLHTLLkAISS
KWKSFLKTFKSLKkTVLHTLLkAISS",4711.seq,/data/AIpep/spiderData/4711.seq,"['C', 'H', 'H', 'H', 'H', 'H', 'H', 'H', 'H', 'H', 'H', 'H', 'H', 'H', 'H', 'H', 'H', 'H', 'H', 'H', 'H', 'H', 'H', 'H', 'H', 'C']",24,0.9230769230769231,0.0,0.07692307692307693,True
4712,"Peptide P [K7,14,22k; A12,20L]",ACT,KWKSFLkTFKSLKkTVLHTLLkAISS,AMD,"['Human cervical carcinoma HeLa', 'Escherichia coli ATCC 25922', 'Pseudomonas aeruginosa ATCC 27853', 'Bacillus subtilis ATCC 49619']",False,False,True,1.0,test,0.9628378748893738,,,,1,KWKSFLKTFKSLKkTVLHTLLkAISS,0,KWKSFLkTFKSLKkTVLHTLLkAISS,CC[C@H](C)[C@H](NC(=O)[C@H](C)NC(=O)[C@@H](CCCCN)NC(=O)[C@H](CC(C)C)NC(=O)[C@H](CC(C)C)NC(=O)[C@@H](NC(=O)[C@H](Cc1c[nH]cn1)NC(=O)[C@H](CC(C)C)NC(=O)[C@@H](NC(=O)[C@@H](NC(=O)[C@@H](CCCCN)NC(=O)[C@H](CCCCN)NC(=O)[C@H](CC(C)C)NC(=O)[C@H](CO)NC(=O)[C@H](CCCCN)NC(=O)[C@H](Cc1ccccc1)NC(=O)[C@@H](NC(=O)[C@@H](CCCCN)NC(=O)[C@H](CC(C)C)NC(=O)[C@H](Cc1ccccc1)NC(=O)[C@H](CO)NC(=O)[C@H](CCCCN)NC(=O)[C@H](Cc1c[nH]c2ccccc12)NC(=O)[C@@H](N)CCCCN)[C@@H](C)O)[C@@H](C)O)C(C)C)[C@@H](C)O)C(=O)N[C@@H](CO)C(=O)N[C@@H](CO)C(=O)O,[148235 721103  99402 ... 235036 152231 343310],0.0,KWKSFLKTFKSLKKTVLHTLLKAISS,0.0,KWKSFLkTFKSLKkTVLHTLLKAISS,26,True,0.038461538461538464,0.0,0.0,0.0,0.07692307692307693,0.0,0.038461538461538464,0.038461538461538464,0.19230769230769232,0.0,0.0,0.0,0.2692307692307692,0.0,0.0,0.15384615384615385,0.11538461538461539,0.038461538461538464,0.038461538461538464,0.0,7,0,215,42,43,15,[2 1 1 2 2 2],6,1.67,0.5769230769230769,0.2692307692307692,0.26898964955300797,7,"[-0.99, 2.25, -0.99, -0.04, 1.79, 1.7, -0.99, 0.26, 1.79, -0.99, -0.04, 1.7, -0.99, -0.99, 0.26, 1.22, 1.7, 0.13, 0.26, 1.7, 1.7, -0.99, 0.31, 1.8, -0.04, -0.04]",0.44153846153846155,2.5639262291780396,">KWKSFLkTFKSLKkTVLHTLLkAISS
KWKSFLkTFKSLKkTVLHTLLkAISS",4712.seq,/data/AIpep/spiderData/4712.seq,"['C', 'H', 'H', 'H', 'H', 'H', 'H', 'H', 'H', 'H', 'H', 'H', 'H', 'H', 'H', 'H', 'H', 'H', 'H', 'H', 'H', 'H', 'H', 'H', 'H', 'C']",24,0.9230769230769231,0.0,0.07692307692307693,True
4713,"Peptide P [K7,10,14,22k; A12,20L]",ACT,KWKSFLkTFkSLKkTVLHTLLkAISS,AMD,"['Human cervical carcinoma HeLa', 'Pseudomonas aeruginosa ATCC 27853', 'Bacillus subtilis ATCC 49619']",False,False,True,1.0,test,0.9879910349845886,,,,1,KWkSFLkTFkSLKkTVLHTLLkAISS,0,KWKSFLkTFkSLKkTVLHTLLkAISS,CC[C@H](C)[C@H](NC(=O)[C@H](C)NC(=O)[C@@H](CCCCN)NC(=O)[C@H](CC(C)C)NC(=O)[C@H](CC(C)C)NC(=O)[C@@H](NC(=O)[C@H](Cc1c[nH]cn1)NC(=O)[C@H](CC(C)C)NC(=O)[C@@H](NC(=O)[C@@H](NC(=O)[C@@H](CCCCN)NC(=O)[C@H](CCCCN)NC(=O)[C@H](CC(C)C)NC(=O)[C@H](CO)NC(=O)[C@@H](CCCCN)NC(=O)[C@H](Cc1ccccc1)NC(=O)[C@@H](NC(=O)[C@@H](CCCCN)NC(=O)[C@H](CC(C)C)NC(=O)[C@H](Cc1ccccc1)NC(=O)[C@H](CO)NC(=O)[C@H](CCCCN)NC(=O)[C@H](Cc1c[nH]c2ccccc12)NC(=O)[C@@H](N)CCCCN)[C@@H](C)O)[C@@H](C)O)C(C)C)[C@@H](C)O)C(=O)N[C@@H](CO)C(=O)N[C@@H](CO)C(=O)O,[148235 721103  99402 ... 235036 152231 343310],0.0,KWKSFLKTFKSLKKTVLHTLLKAISS,0.0,KWKSFLkTFKSLKkTVLHTLLKAISS,26,True,0.038461538461538464,0.0,0.0,0.0,0.07692307692307693,0.0,0.038461538461538464,0.038461538461538464,0.19230769230769232,0.0,0.0,0.0,0.2692307692307692,0.0,0.0,0.15384615384615385,0.11538461538461539,0.038461538461538464,0.038461538461538464,0.0,7,0,215,42,43,15,[2 1 1 2 2 2],6,1.67,0.5769230769230769,0.2692307692307692,0.26898964955300797,7,"[-0.99, 2.25, -0.99, -0.04, 1.79, 1.7, -0.99, 0.26, 1.79, -0.99, -0.04, 1.7, -0.99, -0.99, 0.26, 1.22, 1.7, 0.13, 0.26, 1.7, 1.7, -0.99, 0.31, 1.8, -0.04, -0.04]",0.44153846153846155,2.5639262291780396,">KWKSFLkTFkSLKkTVLHTLLkAISS
KWKSFLkTFkSLKkTVLHTLLkAISS",4713.seq,/data/AIpep/spiderData/4713.seq,"['C', 'H', 'H', 'H', 'H', 'H', 'H', 'H', 'H', 'H', 'H', 'H', 'H', 'H', 'H', 'H', 'H', 'H', 'H', 'H', 'H', 'H', 'H', 'H', 'H', 'C']",24,0.9230769230769231,0.0,0.07692307692307693,True
4716,"Peptide P [L6l; A12,20L]",ACT,KWKSFlKTFKSLKKTVLHTLLKAISS,AMD,"['Human cervical carcinoma HeLa', 'Escherichia coli ATCC 25922', 'Pseudomonas aeruginosa ATCC 27853', 'Staphylococcus aureus ATCC 25923', 'Bacillus subtilis ATCC 49619']",False,True,True,1.0,training,0.9949015974998474,,,,0,KWKSFlKTFKSLKKTVLHTLLKAISS,2,KWKSFLKTFKSLKKTVLHTlLKAISS,CC[C@H](C)[C@H](NC(=O)[C@H](C)NC(=O)[C@H](CCCCN)NC(=O)[C@H](CC(C)C)NC(=O)[C@H](CC(C)C)NC(=O)[C@@H](NC(=O)[C@H](Cc1c[nH]cn1)NC(=O)[C@H](CC(C)C)NC(=O)[C@@H](NC(=O)[C@@H](NC(=O)[C@H](CCCCN)NC(=O)[C@H](CCCCN)NC(=O)[C@H](CC(C)C)NC(=O)[C@H](CO)NC(=O)[C@H](CCCCN)NC(=O)[C@H](Cc1ccccc1)NC(=O)[C@@H](NC(=O)[C@H](CCCCN)NC(=O)[C@@H](CC(C)C)NC(=O)[C@H](Cc1ccccc1)NC(=O)[C@H](CO)NC(=O)[C@H](CCCCN)NC(=O)[C@H](Cc1c[nH]c2ccccc12)NC(=O)[C@@H](N)CCCCN)[C@@H](C)O)[C@@H](C)O)C(C)C)[C@@H](C)O)C(=O)N[C@@H](CO)C(=O)N[C@@H](CO)C(=O)O,[148235 721103  99402 ... 235036 152231 343310],0.0,KWKSFLKTFKSLKKTVLHTLLKAISS,0.0,KWKSFLkTFKSLKkTVLHTLLKAISS,26,True,0.038461538461538464,0.0,0.0,0.0,0.07692307692307693,0.0,0.038461538461538464,0.038461538461538464,0.19230769230769232,0.0,0.0,0.0,0.2692307692307692,0.0,0.0,0.15384615384615385,0.11538461538461539,0.038461538461538464,0.038461538461538464,0.0,7,0,215,42,43,13,[2 1 1 2 2 2],6,1.67,0.5,0.2692307692307692,0.26898964955300797,7,"[-0.99, 2.25, -0.99, -0.04, 1.79, 1.7, -0.99, 0.26, 1.79, -0.99, -0.04, 1.7, -0.99, -0.99, 0.26, 1.22, 1.7, 0.13, 0.26, 1.7, 1.7, -0.99, 0.31, 1.8, -0.04, -0.04]",0.44153846153846155,2.5639262291780396,">KWKSFlKTFKSLKKTVLHTLLKAISS
KWKSFlKTFKSLKKTVLHTLLKAISS",4716.seq,/data/AIpep/spiderData/4716.seq,"['C', 'H', 'H', 'H', 'H', 'H', 'H', 'H', 'H', 'H', 'H', 'H', 'H', 'H', 'H', 'H', 'H', 'H', 'H', 'H', 'H', 'H', 'H', 'H', 'H', 'C']",24,0.9230769230769231,0.0,0.07692307692307693,True
4717,"Peptide P [L12l; A12,20L]",ACT,KWKSFLKTFKSlKKTVLHTLLKAISS,AMD,"['Human cervical carcinoma HeLa', 'Escherichia coli ATCC 25922', 'Pseudomonas aeruginosa ATCC 27853', 'Staphylococcus aureus ATCC 25923', 'Bacillus subtilis ATCC 49619']",False,True,True,1.0,training,0.9926937818527222,,,,0,KWKSFLKTFKSlKKTVLHTLLKAISS,1,KWKSFLKTFKSlKKTVLHTlLKAISS,CC[C@H](C)[C@H](NC(=O)[C@H](C)NC(=O)[C@H](CCCCN)NC(=O)[C@H](CC(C)C)NC(=O)[C@H](CC(C)C)NC(=O)[C@@H](NC(=O)[C@H](Cc1c[nH]cn1)NC(=O)[C@H](CC(C)C)NC(=O)[C@@H](NC(=O)[C@@H](NC(=O)[C@H](CCCCN)NC(=O)[C@H](CCCCN)NC(=O)[C@@H](CC(C)C)NC(=O)[C@H](CO)NC(=O)[C@H](CCCCN)NC(=O)[C@H](Cc1ccccc1)NC(=O)[C@@H](NC(=O)[C@H](CCCCN)NC(=O)[C@H](CC(C)C)NC(=O)[C@H](Cc1ccccc1)NC(=O)[C@H](CO)NC(=O)[C@H](CCCCN)NC(=O)[C@H](Cc1c[nH]c2ccccc12)NC(=O)[C@@H](N)CCCCN)[C@@H](C)O)[C@@H](C)O)C(C)C)[C@@H](C)O)C(=O)N[C@@H](CO)C(=O)N[C@@H](CO)C(=O)O,[148235 721103  99402 ... 235036 152231 343310],0.0,KWKSFLKTFKSLKKTVLHTLLKAISS,0.0,KWKSFLkTFKSLKkTVLHTLLKAISS,26,True,0.038461538461538464,0.0,0.0,0.0,0.07692307692307693,0.0,0.038461538461538464,0.038461538461538464,0.19230769230769232,0.0,0.0,0.0,0.2692307692307692,0.0,0.0,0.15384615384615385,0.11538461538461539,0.038461538461538464,0.038461538461538464,0.0,7,0,215,42,43,13,[2 1 1 2 2 2],6,1.67,0.5,0.2692307692307692,0.26898964955300797,7,"[-0.99, 2.25, -0.99, -0.04, 1.79, 1.7, -0.99, 0.26, 1.79, -0.99, -0.04, 1.7, -0.99, -0.99, 0.26, 1.22, 1.7, 0.13, 0.26, 1.7, 1.7, -0.99, 0.31, 1.8, -0.04, -0.04]",0.44153846153846155,2.5639262291780396,">KWKSFLKTFKSlKKTVLHTLLKAISS
KWKSFLKTFKSlKKTVLHTLLKAISS",4717.seq,/data/AIpep/spiderData/4717.seq,"['C', 'H', 'H', 'H', 'H', 'H', 'H', 'H', 'H', 'H', 'H', 'H', 'H', 'H', 'H', 'H', 'H', 'H', 'H', 'H', 'H', 'H', 'H', 'H', 'H', 'C']",24,0.9230769230769231,0.0,0.07692307692307693,True
4718,"Peptide P [L20l; A12,20L]",ACT,KWKSFLKTFKSLKKTVLHTlLKAISS,AMD,"['Human cervical carcinoma HeLa', 'Escherichia coli ATCC 25922', 'Pseudomonas aeruginosa ATCC 27853', 'Staphylococcus aureus ATCC 25923', 'Bacillus subtilis ATCC 49619']",False,True,True,1.0,test,0.992572546005249,,,,1,KWKSFLKTFKSLKKTVLHTALKAISS,0,KWKSFLKTFKSLKKTVLHTlLKAISS,CC[C@H](C)[C@H](NC(=O)[C@H](C)NC(=O)[C@H](CCCCN)NC(=O)[C@H](CC(C)C)NC(=O)[C@@H](CC(C)C)NC(=O)[C@@H](NC(=O)[C@H](Cc1c[nH]cn1)NC(=O)[C@H](CC(C)C)NC(=O)[C@@H](NC(=O)[C@@H](NC(=O)[C@H](CCCCN)NC(=O)[C@H](CCCCN)NC(=O)[C@H](CC(C)C)NC(=O)[C@H](CO)NC(=O)[C@H](CCCCN)NC(=O)[C@H](Cc1ccccc1)NC(=O)[C@@H](NC(=O)[C@H](CCCCN)NC(=O)[C@H](CC(C)C)NC(=O)[C@H](Cc1ccccc1)NC(=O)[C@H](CO)NC(=O)[C@H](CCCCN)NC(=O)[C@H](Cc1c[nH]c2ccccc12)NC(=O)[C@@H](N)CCCCN)[C@@H](C)O)[C@@H](C)O)C(C)C)[C@@H](C)O)C(=O)N[C@@H](CO)C(=O)N[C@@H](CO)C(=O)O,[148235 721103  99402 ... 235036 152231 343310],0.0,KWKSFLKTFKSLKKTVLHTLLKAISS,0.0,KWKSFLkTFKSLKkTVLHTLLKAISS,26,True,0.038461538461538464,0.0,0.0,0.0,0.07692307692307693,0.0,0.038461538461538464,0.038461538461538464,0.19230769230769232,0.0,0.0,0.0,0.2692307692307692,0.0,0.0,0.15384615384615385,0.11538461538461539,0.038461538461538464,0.038461538461538464,0.0,7,0,215,42,43,13,[2 1 1 2 2 2],6,1.67,0.5,0.2692307692307692,0.26898964955300797,7,"[-0.99, 2.25, -0.99, -0.04, 1.79, 1.7, -0.99, 0.26, 1.79, -0.99, -0.04, 1.7, -0.99, -0.99, 0.26, 1.22, 1.7, 0.13, 0.26, 1.7, 1.7, -0.99, 0.31, 1.8, -0.04, -0.04]",0.44153846153846155,2.5639262291780396,">KWKSFLKTFKSLKKTVLHTlLKAISS
KWKSFLKTFKSLKKTVLHTlLKAISS",4718.seq,/data/AIpep/spiderData/4718.seq,"['C', 'H', 'H', 'H', 'H', 'H', 'H', 'H', 'H', 'H', 'H', 'H', 'H', 'H', 'H', 'H', 'H', 'H', 'H', 'H', 'H', 'H', 'H', 'H', 'H', 'C']",24,0.9230769230769231,0.0,0.07692307692307693,True
4719,"Peptide P [L6,12l; A12,20L]",ACT,KWKSFlKTFKSlKKTVLHTLLKAISS,AMD,"['Human cervical carcinoma HeLa', 'Escherichia coli ATCC 25922', 'Pseudomonas aeruginosa ATCC 27853', 'Staphylococcus aureus ATCC 25923', 'Bacillus subtilis ATCC 49619']",False,True,True,1.0,training,0.9918522238731384,,,,0,KWKSFlKTFKSlKKTVLHTLLKAISS,2,KWKSFLKTFKSlKKTVLHTlLKAISS,CC[C@H](C)[C@H](NC(=O)[C@H](C)NC(=O)[C@H](CCCCN)NC(=O)[C@H](CC(C)C)NC(=O)[C@H](CC(C)C)NC(=O)[C@@H](NC(=O)[C@H](Cc1c[nH]cn1)NC(=O)[C@H](CC(C)C)NC(=O)[C@@H](NC(=O)[C@@H](NC(=O)[C@H](CCCCN)NC(=O)[C@H](CCCCN)NC(=O)[C@@H](CC(C)C)NC(=O)[C@H](CO)NC(=O)[C@H](CCCCN)NC(=O)[C@H](Cc1ccccc1)NC(=O)[C@@H](NC(=O)[C@H](CCCCN)NC(=O)[C@@H](CC(C)C)NC(=O)[C@H](Cc1ccccc1)NC(=O)[C@H](CO)NC(=O)[C@H](CCCCN)NC(=O)[C@H](Cc1c[nH]c2ccccc12)NC(=O)[C@@H](N)CCCCN)[C@@H](C)O)[C@@H](C)O)C(C)C)[C@@H](C)O)C(=O)N[C@@H](CO)C(=O)N[C@@H](CO)C(=O)O,[148235 721103  99402 ... 235036 152231 343310],0.0,KWKSFLKTFKSLKKTVLHTLLKAISS,0.0,KWKSFLkTFKSLKkTVLHTLLKAISS,26,True,0.038461538461538464,0.0,0.0,0.0,0.07692307692307693,0.0,0.038461538461538464,0.038461538461538464,0.19230769230769232,0.0,0.0,0.0,0.2692307692307692,0.0,0.0,0.15384615384615385,0.11538461538461539,0.038461538461538464,0.038461538461538464,0.0,7,0,215,42,43,11,[2 1 1 2 2 2],6,1.67,0.4230769230769231,0.2692307692307692,0.26898964955300797,7,"[-0.99, 2.25, -0.99, -0.04, 1.79, 1.7, -0.99, 0.26, 1.79, -0.99, -0.04, 1.7, -0.99, -0.99, 0.26, 1.22, 1.7, 0.13, 0.26, 1.7, 1.7, -0.99, 0.31, 1.8, -0.04, -0.04]",0.44153846153846155,2.5639262291780396,">KWKSFlKTFKSlKKTVLHTLLKAISS
KWKSFlKTFKSlKKTVLHTLLKAISS",4719.seq,/data/AIpep/spiderData/4719.seq,"['C', 'H', 'H', 'H', 'H', 'H', 'H', 'H', 'H', 'H', 'H', 'H', 'H', 'H', 'H', 'H', 'H', 'H', 'H', 'H', 'H', 'H', 'H', 'H', 'H', 'C']",24,0.9230769230769231,0.0,0.07692307692307693,True
4720,"Peptide P [L12,20l; A12,20L]",ACT,KWKSFLKTFKSlKKTVLHTlLKAISS,AMD,"['Human cervical carcinoma HeLa', 'Escherichia coli ATCC 25922', 'Pseudomonas aeruginosa ATCC 27853', 'Klebsiella pneumoniae ATCC 700603', 'Staphylococcus aureus ATCC 25923', 'Staphylococcus epidermidis ATCC 12228', 'Streptococcus pneumoniae ATCC 49619', 'Bacillus subtilis ATCC 49619']",False,True,True,1.0,test,0.9872961044311523,,,,1,KWKSFLKTFKSlKKTVLHTLLKAISS,0,KWKSFLKTFKSlKKTVLHTlLKAISS,CC[C@H](C)[C@H](NC(=O)[C@H](C)NC(=O)[C@H](CCCCN)NC(=O)[C@H](CC(C)C)NC(=O)[C@@H](CC(C)C)NC(=O)[C@@H](NC(=O)[C@H](Cc1c[nH]cn1)NC(=O)[C@H](CC(C)C)NC(=O)[C@@H](NC(=O)[C@@H](NC(=O)[C@H](CCCCN)NC(=O)[C@H](CCCCN)NC(=O)[C@@H](CC(C)C)NC(=O)[C@H](CO)NC(=O)[C@H](CCCCN)NC(=O)[C@H](Cc1ccccc1)NC(=O)[C@@H](NC(=O)[C@H](CCCCN)NC(=O)[C@H](CC(C)C)NC(=O)[C@H](Cc1ccccc1)NC(=O)[C@H](CO)NC(=O)[C@H](CCCCN)NC(=O)[C@H](Cc1c[nH]c2ccccc12)NC(=O)[C@@H](N)CCCCN)[C@@H](C)O)[C@@H](C)O)C(C)C)[C@@H](C)O)C(=O)N[C@@H](CO)C(=O)N[C@@H](CO)C(=O)O,[148235 721103  99402 ... 235036 152231 343310],0.0,KWKSFLKTFKSLKKTVLHTLLKAISS,0.0,KWKSFLkTFKSLKkTVLHTLLKAISS,26,True,0.038461538461538464,0.0,0.0,0.0,0.07692307692307693,0.0,0.038461538461538464,0.038461538461538464,0.19230769230769232,0.0,0.0,0.0,0.2692307692307692,0.0,0.0,0.15384615384615385,0.11538461538461539,0.038461538461538464,0.038461538461538464,0.0,7,0,215,42,43,11,[2 1 1 2 2 2],6,1.67,0.4230769230769231,0.2692307692307692,0.26898964955300797,7,"[-0.99, 2.25, -0.99, -0.04, 1.79, 1.7, -0.99, 0.26, 1.79, -0.99, -0.04, 1.7, -0.99, -0.99, 0.26, 1.22, 1.7, 0.13, 0.26, 1.7, 1.7, -0.99, 0.31, 1.8, -0.04, -0.04]",0.44153846153846155,2.5639262291780396,">KWKSFLKTFKSlKKTVLHTlLKAISS
KWKSFLKTFKSlKKTVLHTlLKAISS",4720.seq,/data/AIpep/spiderData/4720.seq,"['C', 'H', 'H', 'H', 'H', 'H', 'H', 'H', 'H', 'H', 'H', 'H', 'H', 'H', 'H', 'H', 'H', 'H', 'H', 'H', 'H', 'H', 'H', 'H', 'H', 'C']",24,0.9230769230769231,0.0,0.07692307692307693,True
4721,"Peptide P [L6,12,20l; A12,20L]",ACT,KWKSFlKTFKSlKKTVLHTlLKAISS,AMD,"['Human cervical carcinoma HeLa', 'Escherichia coli ATCC 25922', 'Pseudomonas aeruginosa ATCC 27853', 'Bacillus subtilis ATCC 49619']",False,False,True,1.0,training,0.9857771992683411,,,,0,KWKSFlKTFKSlKKTVLHTlLKAISS,1,KWKSFLKTFKSlKKTVLHTlLKAISS,CC[C@H](C)[C@H](NC(=O)[C@H](C)NC(=O)[C@H](CCCCN)NC(=O)[C@H](CC(C)C)NC(=O)[C@@H](CC(C)C)NC(=O)[C@@H](NC(=O)[C@H](Cc1c[nH]cn1)NC(=O)[C@H](CC(C)C)NC(=O)[C@@H](NC(=O)[C@@H](NC(=O)[C@H](CCCCN)NC(=O)[C@H](CCCCN)NC(=O)[C@@H](CC(C)C)NC(=O)[C@H](CO)NC(=O)[C@H](CCCCN)NC(=O)[C@H](Cc1ccccc1)NC(=O)[C@@H](NC(=O)[C@H](CCCCN)NC(=O)[C@@H](CC(C)C)NC(=O)[C@H](Cc1ccccc1)NC(=O)[C@H](CO)NC(=O)[C@H](CCCCN)NC(=O)[C@H](Cc1c[nH]c2ccccc12)NC(=O)[C@@H](N)CCCCN)[C@@H](C)O)[C@@H](C)O)C(C)C)[C@@H](C)O)C(=O)N[C@@H](CO)C(=O)N[C@@H](CO)C(=O)O,[148235 721103  99402 ... 235036 152231 343310],0.0,KWKSFLKTFKSLKKTVLHTLLKAISS,0.0,KWKSFLkTFKSLKkTVLHTLLKAISS,26,True,0.038461538461538464,0.0,0.0,0.0,0.07692307692307693,0.0,0.038461538461538464,0.038461538461538464,0.19230769230769232,0.0,0.0,0.0,0.2692307692307692,0.0,0.0,0.15384615384615385,0.11538461538461539,0.038461538461538464,0.038461538461538464,0.0,7,0,215,42,43,9,[2 1 1 2 2 2],6,1.67,0.34615384615384615,0.2692307692307692,0.26898964955300797,7,"[-0.99, 2.25, -0.99, -0.04, 1.79, 1.7, -0.99, 0.26, 1.79, -0.99, -0.04, 1.7, -0.99, -0.99, 0.26, 1.22, 1.7, 0.13, 0.26, 1.7, 1.7, -0.99, 0.31, 1.8, -0.04, -0.04]",0.44153846153846155,2.5639262291780396,">KWKSFlKTFKSlKKTVLHTlLKAISS
KWKSFlKTFKSlKKTVLHTlLKAISS",4721.seq,/data/AIpep/spiderData/4721.seq,"['C', 'H', 'H', 'H', 'H', 'H', 'H', 'H', 'H', 'H', 'H', 'H', 'H', 'H', 'H', 'H', 'H', 'H', 'H', 'H', 'H', 'H', 'H', 'H', 'H', 'C']",24,0.9230769230769231,0.0,0.07692307692307693,True
5383,"Cathelicidin-like peptide, Crotalicidin",nan,KRFKKFFKKVKKSVKKRLKKIFKKPMVIGVTIPF,AMD,"['Escherichia coli ATCC 25922', 'Pseudomonas aeruginosa ATCC 27853', 'Escherichia coli', 'Pseudomonas aeruginosa', 'Klebsiella pneumoniae', 'Acinetobacter baumannii', 'Streptococcus pyogenes', 'Human cervical carcinoma HeLa S3', 'Human histiocytic lymphoma U-937', 'Human acute monocytic leukemia THP-1', 'Human acute monocytic leukemia MONO-MAC-6', 'Candida parapsilosis LABMIC 0113', 'Microsporum canis LABMIC 0401', 'Trichophyton rubrum LABMIC 0203', 'Trypanosoma cruzi Y', 'Trypanosoma cruzi Y']",True,False,True,1.0,training,0.9994977712631226,,,,0,KRFKKFFKKVKKSVKKRLKKIFKKPMVIGVTIPF,7,KRFKKFFRKLKKSVKKRAKEFFKKPRVIGVSIPF,CC[C@H](C)[C@H](NC(=O)[C@H](CCCCN)NC(=O)[C@H](CCCCN)NC(=O)[C@H](CC(C)C)NC(=O)[C@H](CCCNC(=N)N)NC(=O)[C@H](CCCCN)NC(=O)[C@H](CCCCN)NC(=O)[C@@H](NC(=O)[C@H](CO)NC(=O)[C@H](CCCCN)NC(=O)[C@H](CCCCN)NC(=O)[C@@H](NC(=O)[C@H](CCCCN)NC(=O)[C@H](CCCCN)NC(=O)[C@H](Cc1ccccc1)NC(=O)[C@H](Cc1ccccc1)NC(=O)[C@H](CCCCN)NC(=O)[C@H](CCCCN)NC(=O)[C@H](Cc1ccccc1)NC(=O)[C@H](CCCNC(=N)N)NC(=O)[C@@H](N)CCCCN)C(C)C)C(C)C)C(=O)N[C@@H](Cc1ccccc1)C(=O)N[C@@H](CCCCN)C(=O)N[C@@H](CCCCN)C(=O)N1CCC[C@H]1C(=O)N[C@@H](CCSC)C(=O)N[C@H](C(=O)N[C@H](C(=O)NCC(=O)N[C@H](C(=O)N[C@H](C(=O)N[C@H](C(=O)N1CCC[C@H]1C(=O)N[C@@H](Cc1ccccc1)C(=O)O)[C@@H](C)CC)[C@@H](C)O)C(C)C)[C@@H](C)CC)C(C)C,[148235 167130  21952 ... 287115 303287 190506],0.0,KRFKKFFKKVKKSVKKRLKKIFKKPMVIGVTIPF,0.326171875,KRFKKFFRKLKKSVKKRAKEFFKKPRVIGVSIPF,34,False,0.0,0.0,0.0,0.0,0.14705882352941177,0.029411764705882353,0.0,0.08823529411764706,0.029411764705882353,0.029411764705882353,0.0,0.058823529411764705,0.38235294117647056,0.0,0.058823529411764705,0.029411764705882353,0.029411764705882353,0.11764705882352941,0.0,0.0,15,0,294,53,54,15,[1 2 1 1 1 2 3 1 1 1],10,1.4,0.4411764705882353,0.4411764705882353,0.30370221274878884,15,"[-0.99, -1.01, 1.79, -0.99, -0.99, 1.79, 1.79, -0.99, -0.99, 1.22, -0.99, -0.99, -0.04, 1.22, -0.99, -0.99, -1.01, 1.7, -0.99, -0.99, 1.8, 1.79, -0.99, -0.99, 0.72, 1.23, 1.22, 1.8, 0.0, 1.22, 0.26, 1.8, 0.72, 1.79]",0.2626470588235294,5.236694888834857,">KRFKKFFKKVKKSVKKRLKKIFKKPMVIGVTIPF
KRFKKFFKKVKKSVKKRLKKIFKKPMVIGVTIPF",5383.seq,/data/AIpep/spiderData/5383.seq,"['C', 'H', 'H', 'H', 'H', 'H', 'H', 'H', 'H', 'H', 'H', 'H', 'H', 'H', 'H', 'H', 'H', 'H', 'H', 'H', 'H', 'H', 'C', 'C', 'C', 'C', 'E', 'E', 'E', 'E', 'E', 'E', 'C', 'C']",21,0.6176470588235294,0.17647058823529413,0.20588235294117646,True
5840,Temporin-La,nan,LLRHVVKILEKYL,AMD,"['Staphylococcus aureus ATCC 25923', 'Streptococcus suis 2 CVCC 606', 'Candida albicans ATCC 10231', 'Salmonella ATCC 20020', 'Human gastric cancer SGC-7901', 'Human gastric cancer MGC-803', 'Human hepatocarcinoma SMMC-7721', 'Human hepatocarcinoma BEL-7402', 'Human cervical carcinoma HeLa']",False,True,False,1.0,training,0.0001742642343742773,,,,0,LLRHVVKILEKYL,7,KKLfKKILKYL,CC[C@H](C)[C@H](NC(=O)[C@H](CCCCN)NC(=O)[C@@H](NC(=O)[C@@H](NC(=O)[C@H](Cc1c[nH]cn1)NC(=O)[C@H](CCCNC(=N)N)NC(=O)[C@H](CC(C)C)NC(=O)[C@@H](N)CC(C)C)C(C)C)C(C)C)C(=O)N[C@@H](CC(C)C)C(=O)N[C@@H](CCC(=O)O)C(=O)N[C@@H](CCCCN)C(=O)N[C@@H](Cc1ccc(O)cc1)C(=O)N[C@@H](CC(C)C)C(=O)O,[ 505114  190003   99402 ...  696992 1486951  280610],0.0,LLRHVVKILEKYL,0.568359375,LRFLKKILKHLF,13,False,0.0,0.0,0.0,0.07692307692307693,0.0,0.0,0.07692307692307693,0.07692307692307693,0.3076923076923077,0.0,0.0,0.0,0.15384615384615385,0.0,0.07692307692307693,0.0,0.0,0.15384615384615385,0.0,0.07692307692307693,3,1,115,20,22,11,[2 2 2 1],4,1.75,0.8461538461538461,0.23076923076923078,0.4638376639061596,2,"[1.7, 1.7, -1.01, 0.13, 1.22, 1.22, -0.99, 1.8, 1.7, -0.64, -0.99, 0.96, 1.7]",0.6538461538461537,1.0978627547274147,">LLRHVVKILEKYL
LLRHVVKILEKYL",5840.seq,/data/AIpep/spiderData/5840.seq,"['C', 'H', 'H', 'H', 'H', 'H', 'H', 'H', 'H', 'H', 'H', 'H', 'C']",11,0.8461538461538461,0.0,0.15384615384615385,True
8805,"Penetratin shuffled [M7L], PenShufLeu",nan,RWFKIQLQIRRWKNKK,AMD,['Human cervical carcinoma HeLa'],False,False,False,1.0,training,0.9279125928878784,,,,0,RWFKIQLQIRRWKNKK,1,RWFKIQMQIRRWKNKK,CC[C@H](C)[C@H](NC(=O)[C@H](CCC(N)=O)NC(=O)[C@H](CC(C)C)NC(=O)[C@H](CCC(N)=O)NC(=O)[C@@H](NC(=O)[C@H](CCCCN)NC(=O)[C@H](Cc1ccccc1)NC(=O)[C@H](Cc1c[nH]c2ccccc12)NC(=O)[C@@H](N)CCCNC(=N)N)[C@@H](C)CC)C(=O)N[C@@H](CCCNC(=N)N)C(=O)N[C@@H](CCCNC(=N)N)C(=O)N[C@@H](Cc1c[nH]c2ccccc12)C(=O)N[C@@H](CCCCN)C(=O)N[C@@H](CC(N)=O)C(=O)N[C@@H](CCCCN)C(=O)N[C@@H](CCCCN)C(=O)O,[959134 175289  21952 ... 314491 267783 280610],0.0,RWFKIQLQIRRWKNKK,0.1103515625,RWFKIQMQIRRWKNKK,16,False,0.0,0.0,0.0,0.0,0.0625,0.0,0.0,0.125,0.0625,0.0,0.0625,0.0,0.25,0.125,0.1875,0.0,0.0,0.0,0.125,0.0,7,0,159,27,35,5,[1 1 1 1],4,1.0,0.3125,0.4375,0.1871797545596012,7,"[-1.01, 2.25, 1.79, -0.99, 1.8, -0.22, 1.7, -0.22, 1.8, -1.01, -1.01, 2.25, -0.99, -0.6, -0.99, -0.99]",0.22249999999999998,2.4866976883042637,">RWFKIQLQIRRWKNKK
RWFKIQLQIRRWKNKK",8805.seq,/data/AIpep/spiderData/8805.seq,"['C', 'H', 'H', 'H', 'H', 'H', 'H', 'H', 'H', 'H', 'H', 'H', 'H', 'C', 'C', 'C']",12,0.75,0.0,0.25,True
8807,"Penetratin shuffled [K4,13,15,16R;M7L], PenShufArgLeu",nan,RWFRIQLQIRRWRNRR,AMD,['Human cervical carcinoma HeLa'],False,False,False,1.0,training,0.8745286464691162,,,,0,RWFRIQLQIRRWRNRR,5,RWFKIQMQIRRWKNKK,CC[C@H](C)[C@H](NC(=O)[C@H](CCC(N)=O)NC(=O)[C@H](CC(C)C)NC(=O)[C@H](CCC(N)=O)NC(=O)[C@@H](NC(=O)[C@H](CCCNC(=N)N)NC(=O)[C@H](Cc1ccccc1)NC(=O)[C@H](Cc1c[nH]c2ccccc12)NC(=O)[C@@H](N)CCCNC(=N)N)[C@@H](C)CC)C(=O)N[C@@H](CCCNC(=N)N)C(=O)N[C@@H](CCCNC(=N)N)C(=O)N[C@@H](Cc1c[nH]c2ccccc12)C(=O)N[C@@H](CCCNC(=N)N)C(=O)N[C@@H](CC(N)=O)C(=O)N[C@@H](CCCNC(=N)N)C(=O)N[C@@H](CCCNC(=N)N)C(=O)O,[1536383  175289   21952 ...  314491  267783  280610],0.0,RWFRIQLQIRRWRNRR,0.36328125,RWFKIQMQIRRWKNKK,16,False,0.0,0.0,0.0,0.0,0.0625,0.0,0.0,0.125,0.0625,0.0,0.0625,0.0,0.0,0.125,0.4375,0.0,0.0,0.0,0.125,0.0,7,0,167,27,43,5,[1 1 1 1],4,1.0,0.3125,0.4375,0.20780937889702686,7,"[-1.01, 2.25, 1.79, -1.01, 1.8, -0.22, 1.7, -0.22, 1.8, -1.01, -1.01, 2.25, -1.01, -0.6, -1.01, -1.01]",0.21750000000000008,2.5061720536787933,">RWFRIQLQIRRWRNRR
RWFRIQLQIRRWRNRR",8807.seq,/data/AIpep/spiderData/8807.seq,"['C', 'H', 'H', 'H', 'H', 'H', 'H', 'H', 'H', 'H', 'H', 'H', 'H', 'H', 'C', 'C']",13,0.8125,0.0,0.1875,True
9549,Crotalicidin (15-34),nan,KKRLKKIFKKPMVIGVTIPF,AMD,"['Streptococcus pyogenes', 'Klebsiella pneumoniae', 'Escherichia coli ATCC 25922', 'Escherichia coli', 'Acinetobacter baumannii', 'Human cervical carcinoma HeLa S3', 'Human histiocytic lymphoma U-937', 'Candida krusei ATCC 6258', 'Candida tropicalis LABMIC 0109', 'Candida albicans LABMIC 0107', 'Candida parapsilosis LABMIC 0113', 'Candida tropicalis LABMIC 0112', 'Cryptococcus laurentii LABMIC 0404', 'Escherichia coli ATCC 25922', 'Escherichia coli ATCC 25922', 'Escherichia coli KPC 001812446', 'Escherichia coli KPC 001812446', 'Klebsiella pneumoniae ATCC 13883', 'Klebsiella pneumoniae ATCC 13883', 'Klebsiella pneumoniae KPC 001825971', 'Klebsiella pneumoniae KPC 001825971', 'Staphylococcus aureus ATCC 25923']",True,True,False,1.0,training,0.9331491589546204,,,,0,KKRLKKIFKKPMVIGVTIPF,7,AKKFFKKPRVIGVSIPF,CC[C@H](C)[C@H](NC(=O)[C@H](CCCCN)NC(=O)[C@H](CCCCN)NC(=O)[C@H](CC(C)C)NC(=O)[C@H](CCCNC(=N)N)NC(=O)[C@H](CCCCN)NC(=O)[C@@H](N)CCCCN)C(=O)N[C@@H](Cc1ccccc1)C(=O)N[C@@H](CCCCN)C(=O)N[C@@H](CCCCN)C(=O)N1CCC[C@H]1C(=O)N[C@@H](CCSC)C(=O)N[C@H](C(=O)N[C@H](C(=O)NCC(=O)N[C@H](C(=O)N[C@H](C(=O)N[C@H](C(=O)N1CCC[C@H]1C(=O)N[C@@H](Cc1ccccc1)C(=O)O)[C@@H](C)CC)[C@@H](C)O)C(C)C)[C@@H](C)CC)C(C)C,[923560   5590  99402 ... 696992 356855 739982],0.0,KKRLKKIFKKPMVIGVTIPF,0.5439453125,AKKFFKKPRVIGVSIPF,20,False,0.0,0.0,0.0,0.0,0.1,0.05,0.0,0.15,0.05,0.05,0.0,0.1,0.3,0.0,0.05,0.0,0.05,0.1,0.0,0.0,7,0,167,30,29,10,[1 2 3 1 1 1],6,1.5,0.5,0.35,0.21639570305569764,7,"[-0.99, -0.99, -1.01, 1.7, -0.99, -0.99, 1.8, 1.79, -0.99, -0.99, 0.72, 1.23, 1.22, 1.8, 0.0, 1.22, 0.26, 1.8, 0.72, 1.79]",0.4549999999999999,2.5142775436845786,">KKRLKKIFKKPMVIGVTIPF
KKRLKKIFKKPMVIGVTIPF",9549.seq,/data/AIpep/spiderData/9549.seq,"['C', 'C', 'C', 'C', 'H', 'H', 'C', 'C', 'C', 'C', 'C', 'C', 'E', 'E', 'E', 'E', 'E', 'E', 'C', 'C']",2,0.1,0.3,0.6,True
10284,FR-15,nan,FRRFFKWFRRFFKFF,AMD,"['Escherichia coli ATCC 9637', 'Escherichia coli ATCC 25922', 'Escherichia coli ATCC 25922', 'Klebsiella pneumoniae ATCC 27736', 'Bacillus subtilis ATCC 6633', 'Candida albicans ATCC 10231', 'Cryptococcus neoformans', 'Candida parapsilosis ATCC 22019', 'Sporothrix schenckii', 'Trichophyton mentagrophytes', 'Aspergillus fumigatus', 'Human breast adenocarcinoma MDA-MB-231', 'Human cervical carcinoma HeLa', 'Human colon adenocarcinoma DLD-1', 'Human hepatocellular carcinoma HepG2']",False,False,False,1.0,test,0.9940849542617798,,,,1,FRRPFKWFRRFFKFF,0,FRRFFKWFRRFFKFF,N=C(N)NCCC[C@H](NC(=O)[C@@H](N)Cc1ccccc1)C(=O)N[C@@H](CCCNC(=N)N)C(=O)N[C@@H](Cc1ccccc1)C(=O)N[C@@H](Cc1ccccc1)C(=O)N[C@@H](CCCCN)C(=O)N[C@@H](Cc1c[nH]c2ccccc12)C(=O)N[C@@H](Cc1ccccc1)C(=O)N[C@@H](CCCNC(=N)N)C(=O)N[C@@H](CCCNC(=N)N)C(=O)N[C@@H](Cc1ccccc1)C(=O)N[C@@H](Cc1ccccc1)C(=O)N[C@@H](CCCCN)C(=O)N[C@@H](Cc1ccccc1)C(=O)N[C@@H](Cc1ccccc1)C(=O)O,[ 959134 2852664  437738 ...  696992  557943   94104],0.1064453125,FRRPFKWFRRFFKFF,0.0,FRRFFKWFRRFFKFF,15,False,0.0,0.0,0.0,0.0,0.5333333333333333,0.0,0.0,0.0,0.0,0.0,0.0,0.0,0.13333333333333333,0.0,0.26666666666666666,0.0,0.0,0.0,0.06666666666666667,0.0,6,0,165,22,31,8,[1 2 1 2 2],5,1.6,0.5333333333333333,0.4,0.6502654770600437,6,"[1.79, -1.01, -1.01, 1.79, 1.79, -0.99, 2.25, 1.79, -1.01, -1.01, 1.79, 1.79, -0.99, 1.79, 1.79]",0.7033333333333334,2.5938506103446812,">FRRFFKWFRRFFKFF
FRRFFKWFRRFFKFF",10284.seq,/data/AIpep/spiderData/10284.seq,"['C', 'H', 'H', 'H', 'H', 'H', 'H', 'H', 'H', 'H', 'H', 'H', 'H', 'H', 'C']",13,0.8666666666666667,0.0,0.13333333333333333,True
10285,FR-15 [F4P],nan,FRRPFKWFRRFFKFF,AMD,"['Escherichia coli ATCC 9637', 'Escherichia coli ATCC 25922', 'Escherichia coli ATCC 25922', 'Escherichia coli ATCC 25922', 'Escherichia coli ATCC 25922', 'Escherichia coli ATCC 25922', 'Klebsiella pneumoniae ATCC 27736', 'Bacillus subtilis ATCC 6633', 'Staphylococcus aureus ATCC 25923', 'Staphylococcus aureus ATCC 700698', 'Staphylococcus aureus ATCC 700699', 'Staphylococcus aureus ATCC BAA-44', 'Staphylococcus aureus ATCC 29213', 'Staphylococcus aureus ATCC 33592', 'Candida albicans ATCC 10231', 'Cryptococcus neoformans', 'Candida parapsilosis ATCC 22019', 'Sporothrix schenckii', 'Human breast adenocarcinoma MDA-MB-231', 'Human cervical carcinoma HeLa', 'Human colon adenocarcinoma DLD-1', 'Human hepatocellular carcinoma HepG2']",False,True,False,1.0,training,0.9911913275718689,,,,0,FRRPFKWFRRFFKFF,1,FRRFFKWFRRFFKFF,N=C(N)NCCC[C@H](NC(=O)[C@@H](N)Cc1ccccc1)C(=O)N[C@@H](CCCNC(=N)N)C(=O)N1CCC[C@H]1C(=O)N[C@@H](Cc1ccccc1)C(=O)N[C@@H](CCCCN)C(=O)N[C@@H](Cc1c[nH]c2ccccc12)C(=O)N[C@@H](Cc1ccccc1)C(=O)N[C@@H](CCCNC(=N)N)C(=O)N[C@@H](CCCNC(=N)N)C(=O)N[C@@H](Cc1ccccc1)C(=O)N[C@@H](Cc1ccccc1)C(=O)N[C@@H](CCCCN)C(=O)N[C@@H](Cc1ccccc1)C(=O)N[C@@H](Cc1ccccc1)C(=O)O,[ 959134 1420221  437738 ...  696992  540487   94104],0.0,FRRPFKWFRRFFKFF,0.1064453125,FRRFFKWFRRFFKFF,15,False,0.0,0.0,0.0,0.0,0.4666666666666667,0.0,0.0,0.0,0.0,0.0,0.0,0.06666666666666667,0.13333333333333333,0.0,0.26666666666666666,0.0,0.0,0.0,0.06666666666666667,0.0,6,0,161,22,30,7,[1 1 1 2 2],5,1.4,0.4666666666666667,0.4,0.6075134956743408,6,"[1.79, -1.01, -1.01, 0.72, 1.79, -0.99, 2.25, 1.79, -1.01, -1.01, 1.79, 1.79, -0.99, 1.79, 1.79]",0.632,2.5534927399165777,">FRRPFKWFRRFFKFF
FRRPFKWFRRFFKFF",10285.seq,/data/AIpep/spiderData/10285.seq,"['C', 'C', 'C', 'H', 'H', 'H', 'H', 'H', 'H', 'H', 'H', 'H', 'H', 'C', 'C']",10,0.6666666666666666,0.0,0.3333333333333333,True
10721,RL1,nan,RLLRLLRRLLRLLR,AMD,"['Human cervical carcinoma HeLa', 'Human breast adenocarcinoma MCF-7', 'Human lung carcinoma A549']",False,False,False,1.0,test,0.9078575968742371,,,,4,RLLRRLLRRLLR,0,RLLRLLRRLLRLLR,CC(C)C[C@H](NC(=O)[C@@H](N)CCCNC(=N)N)C(=O)N[C@@H](CC(C)C)C(=O)N[C@@H](CCCNC(=N)N)C(=O)N[C@@H](CC(C)C)C(=O)N[C@@H](CC(C)C)C(=O)N[C@@H](CCCNC(=N)N)C(=O)N[C@@H](CCCNC(=N)N)C(=O)N[C@@H](CC(C)C)C(=O)N[C@@H](CC(C)C)C(=O)N[C@@H](CCCNC(=N)N)C(=O)N[C@@H](CC(C)C)C(=O)N[C@@H](CC(C)C)C(=O)N[C@@H](CCCNC(=N)N)C(=O)O,[ 475985  756812   99402 ...  696992 1717623 1806960],0.30859375,RLLRRLLRRLLR,0.0,RLLRLLRRLLRLLR,14,False,0.0,0.0,0.0,0.0,0.0,0.0,0.0,0.0,0.5714285714285714,0.0,0.0,0.0,0.0,0.0,0.42857142857142855,0.0,0.0,0.0,0.0,0.0,6,0,131,21,33,16,[2 2 2 2],4,2.0,1.1428571428571428,0.42857142857142855,0.672502879986968,6,"[-1.01, 1.7, 1.7, -1.01, 1.7, 1.7, -1.01, -1.01, 1.7, 1.7, -1.01, 1.7, 1.7, -1.01]",0.5385714285714286,2.6148427187076977,">RLLRLLRRLLRLLR
RLLRLLRRLLRLLR",10721.seq,/data/AIpep/spiderData/10721.seq,"['C', 'H', 'H', 'H', 'H', 'H', 'H', 'H', 'H', 'H', 'H', 'H', 'H', 'C']",12,0.8571428571428571,0.0,0.14285714285714285,True
10722,RL2,nan,RLLRLLRLRRLLRL,AMD,"['Human cervical carcinoma HeLa', 'Human breast adenocarcinoma MCF-7', 'Human lung carcinoma A549']",False,False,False,1.0,test,0.9183594584465027,,,,3,RLLRRLLRRLLR,0,RLLRLLRLRRLLRL,CC(C)C[C@H](NC(=O)[C@H](CCCNC(=N)N)NC(=O)[C@H](CC(C)C)NC(=O)[C@H](CC(C)C)NC(=O)[C@H](CCCNC(=N)N)NC(=O)[C@H](CCCNC(=N)N)NC(=O)[C@H](CC(C)C)NC(=O)[C@H](CCCNC(=N)N)NC(=O)[C@H](CC(C)C)NC(=O)[C@H](CC(C)C)NC(=O)[C@H](CCCNC(=N)N)NC(=O)[C@H](CC(C)C)NC(=O)[C@H](CC(C)C)NC(=O)[C@@H](N)CCCNC(=N)N)C(=O)O,[ 475985  756812   99402 ...  696992 1717623 3653524],0.28125,LLRRLLRRLLRRLLRR,0.0,RLLRLLRLRRLLRL,14,False,0.0,0.0,0.0,0.0,0.0,0.0,0.0,0.0,0.5714285714285714,0.0,0.0,0.0,0.0,0.0,0.42857142857142855,0.0,0.0,0.0,0.0,0.0,6,0,131,21,33,16,[2 2 1 2 1],5,1.6,1.1428571428571428,0.42857142857142855,0.048688654333348846,6,"[-1.01, 1.7, 1.7, -1.01, 1.7, 1.7, -1.01, 1.7, -1.01, -1.01, 1.7, 1.7, -1.01, 1.7]",0.5385714285714286,2.0259620896906814,">RLLRLLRLRRLLRL
RLLRLLRLRRLLRL",10722.seq,/data/AIpep/spiderData/10722.seq,"['C', 'H', 'H', 'H', 'H', 'H', 'H', 'H', 'H', 'H', 'H', 'H', 'C', 'C']",11,0.7857142857142857,0.0,0.21428571428571427,True
10723,KL1,nan,KLLKLLKKLLKLLK,AMD,"['Human cervical carcinoma HeLa', 'Human breast adenocarcinoma MCF-7', 'Human lung carcinoma A549']",False,False,False,1.0,test,0.9481251835823059,,,,2,KLKKLLKKLKKLLK,0,KLLKLLKKLLKLLK,CC(C)C[C@H](NC(=O)[C@@H](N)CCCCN)C(=O)N[C@@H](CC(C)C)C(=O)N[C@@H](CCCCN)C(=O)N[C@@H](CC(C)C)C(=O)N[C@@H](CC(C)C)C(=O)N[C@@H](CCCCN)C(=O)N[C@@H](CCCCN)C(=O)N[C@@H](CC(C)C)C(=O)N[C@@H](CC(C)C)C(=O)N[C@@H](CCCCN)C(=O)N[C@@H](CC(C)C)C(=O)N[C@@H](CC(C)C)C(=O)N[C@@H](CCCCN)C(=O)O,[ 959134  721103   99402 ...  696992  356855 3644452],0.087890625,KLKKLLKKLKKLLK,0.0,KLLKLLKKLLKLLK,14,False,0.0,0.0,0.0,0.0,0.0,0.0,0.0,0.0,0.5714285714285714,0.0,0.0,0.0,0.42857142857142855,0.0,0.0,0.0,0.0,0.0,0.0,0.0,6,0,119,21,21,16,[2 2 2 2],4,2.0,1.1428571428571428,0.42857142857142855,0.4755413293845264,6,"[-0.99, 1.7, 1.7, -0.99, 1.7, 1.7, -0.99, -0.99, 1.7, 1.7, -0.99, 1.7, 1.7, -0.99]",0.5471428571428572,2.428911014938993,">KLLKLLKKLLKLLK
KLLKLLKKLLKLLK",10723.seq,/data/AIpep/spiderData/10723.seq,"['C', 'H', 'H', 'H', 'H', 'H', 'H', 'H', 'H', 'H', 'H', 'H', 'H', 'C']",12,0.8571428571428571,0.0,0.14285714285714285,True
12591,HPRP-A1,ACT,FKKLKKLFSKLWNWK,AMD,"['Mouse skin melanoma B16', 'Human gastric cancer SGC-7901', 'Human hepatocellular carcinoma HepG2', 'Human cervical carcinoma HeLa', 'Escherichia coli ATCC 25922', 'Pseudomonas aeruginosa ATCC 27853', 'Klebsiella pneumoniae ATCC 700603', 'Staphylococcus aureus ATCC 25923', 'Bacillus subtilis ATCC 6633', 'Staphylococcus epidermidis ATCC 12228']",False,True,True,1.0,test,0.8995593786239624,,,,2,FKRLKKLFSKIWNWK,0,FKKLKKLFSKLWNWK,CC(C)C[C@H](NC(=O)[C@H](CCCCN)NC(=O)[C@H](CCCCN)NC(=O)[C@@H](N)Cc1ccccc1)C(=O)N[C@@H](CCCCN)C(=O)N[C@@H](CCCCN)C(=O)N[C@@H](CC(C)C)C(=O)N[C@@H](Cc1ccccc1)C(=O)N[C@@H](CO)C(=O)N[C@@H](CCCCN)C(=O)N[C@@H](CC(C)C)C(=O)N[C@@H](Cc1c[nH]c2ccccc12)C(=O)N[C@@H](CC(N)=O)C(=O)N[C@@H](Cc1c[nH]c2ccccc12)C(=O)N[C@@H](CCCCN)C(=O)O,[ 959134  198071   99402 ...  696992  356855 2207646],0.224609375,FKKLKKLFSKLKNWW,0.0,FKKLKKLFSKLWNWK,15,False,0.0,0.0,0.0,0.0,0.13333333333333333,0.0,0.0,0.0,0.2,0.0,0.06666666666666667,0.0,0.4,0.0,0.0,0.06666666666666667,0.0,0.0,0.13333333333333333,0.0,6,0,143,24,26,8,[1 1 2 1],4,1.25,0.5333333333333333,0.4,0.33639987430565826,6,"[1.79, -0.99, -0.99, 1.7, -0.99, -0.99, 1.7, 1.79, -0.04, -0.99, 1.7, 2.25, -0.6, 2.25, -0.99]",0.44,2.2975614813445415,">FKKLKKLFSKLWNWK
FKKLKKLFSKLWNWK",12591.seq,/data/AIpep/spiderData/12591.seq,"['C', 'H', 'H', 'H', 'H', 'H', 'H', 'H', 'H', 'H', 'H', 'H', 'H', 'C', 'C']",12,0.8,0.0,0.2,True
12592,HPRP-A1-TAT(49-57),ACT,FKKLKKLFSKLWNWKRKKRRQRRR,AMD,"['Mouse skin melanoma B16', 'Human gastric cancer SGC-7901', 'Human hepatocellular carcinoma HepG2', 'Human cervical carcinoma HeLa']",False,False,False,1.0,test,0.5243499279022217,,,,11,FKRLKKLFSKIWNWK,0,FKKLKKLFSKLWNWKRKKRRQRRR,CC(C)C[C@H](NC(=O)[C@H](CCCCN)NC(=O)[C@H](CCCCN)NC(=O)[C@@H](N)Cc1ccccc1)C(=O)N[C@@H](CCCCN)C(=O)N[C@@H](CCCCN)C(=O)N[C@@H](CC(C)C)C(=O)N[C@@H](Cc1ccccc1)C(=O)N[C@@H](CO)C(=O)N[C@@H](CCCCN)C(=O)N[C@@H](CC(C)C)C(=O)N[C@@H](Cc1c[nH]c2ccccc12)C(=O)N[C@@H](CC(N)=O)C(=O)N[C@@H](Cc1c[nH]c2ccccc12)C(=O)N[C@@H](CCCCN)C(=O)N[C@@H](CCCNC(=N)N)C(=O)N[C@@H](CCCCN)C(=O)N[C@@H](CCCCN)C(=O)N[C@@H](CCCNC(=N)N)C(=O)N[C@@H](CCCNC(=N)N)C(=O)N[C@@H](CCC(N)=O)C(=O)N[C@@H](CCCNC(=N)N)C(=O)N[C@@H](CCCNC(=N)N)C(=O)N[C@@H](CCCNC(=N)N)C(=O)O,[148235 198071  99402 ... 287115  61383  94104],0.529296875,LKKLYKRLFKLWKRLYRYLKKPVR,0.0,FKKLKKLFSKLWNWKRKKRRQRRR,24,False,0.0,0.0,0.0,0.0,0.08333333333333333,0.0,0.0,0.0,0.125,0.0,0.041666666666666664,0.0,0.3333333333333333,0.041666666666666664,0.25,0.041666666666666664,0.0,0.0,0.08333333333333333,0.0,14,0,236,42,56,8,[1 1 2 1],4,1.25,0.3333333333333333,0.5833333333333334,0.30515355951800077,14,"[1.79, -0.99, -0.99, 1.7, -0.99, -0.99, 1.7, 1.79, -0.04, -0.99, 1.7, 2.25, -0.6, 2.25, -0.99, -1.01, -0.99, -0.99, -1.01, -1.01, -0.22, -1.01, -1.01, -1.01]",-0.06916666666666668,4.908064960184992,">FKKLKKLFSKLWNWKRKKRRQRRR
FKKLKKLFSKLWNWKRKKRRQRRR",12592.seq,/data/AIpep/spiderData/12592.seq,"['C', 'H', 'H', 'H', 'H', 'H', 'H', 'H', 'H', 'H', 'H', 'H', 'H', 'H', 'H', 'H', 'H', 'H', 'H', 'H', 'H', 'H', 'H', 'C']",22,0.9166666666666666,0.0,0.08333333333333333,True
13330,D2A21,nan,FAKKFAKKFKKFAKKFAKFAFAF,nan,"['Pseudomonas aeruginosa ATCC 10145', 'Escherichia coli ATCC 2592', 'Escherichia coli ATCC 2592', 'Staphylococcus aureus ATCC 33591', 'Cryptococcus neoformans ATCC 32045', 'Human cervical carcinoma HeLa', 'FIV', 'Chlamydia trachomatis', 'Chlamydia trachomatis', 'Chlamydia trachomatis']",False,True,True,1.0,training,0.9620234370231628,,,,0,FAKKFAKKFKKFAKKFAKFAFAF,1,FAKKFAKKFKKFAKKFAFAFAF,C[C@H](NC(=O)[C@@H](N)Cc1ccccc1)C(=O)N[C@@H](CCCCN)C(=O)N[C@@H](CCCCN)C(=O)N[C@@H](Cc1ccccc1)C(=O)N[C@@H](C)C(=O)N[C@@H](CCCCN)C(=O)N[C@@H](CCCCN)C(=O)N[C@@H](Cc1ccccc1)C(=O)N[C@@H](CCCCN)C(=O)N[C@@H](CCCCN)C(=O)N[C@@H](Cc1ccccc1)C(=O)N[C@@H](C)C(=O)N[C@@H](CCCCN)C(=O)N[C@@H](CCCCN)C(=O)N[C@@H](Cc1ccccc1)C(=O)N[C@@H](C)C(=O)N[C@@H](CCCCN)C(=O)N[C@@H](Cc1ccccc1)C(=O)N[C@@H](C)C(=O)N[C@@H](Cc1ccccc1)C(=O)N[C@@H](C)C(=O)N[C@@H](Cc1ccccc1)C(=O)O,[ 148235  721103  743444 ...  696992  356855 3688864],0.0,FAKKFAKKFKKFAKKFAKFAFAF,0.23046875,FAKKFAKKFKKFAKKFAFAFAF,23,False,0.2608695652173913,0.0,0.0,0.0,0.34782608695652173,0.0,0.0,0.0,0.0,0.0,0.0,0.0,0.391304347826087,0.0,0.0,0.0,0.0,0.0,0.0,0.0,9,0,200,33,33,14,[2 2 1 2 2 5],6,2.33,0.6086956521739131,0.391304347826087,0.4101102349752971,9,"[1.79, 0.31, -0.99, -0.99, 1.79, 0.31, -0.99, -0.99, 1.79, -0.99, -0.99, 1.79, 0.31, -0.99, -0.99, 1.79, 0.31, -0.99, 1.79, 0.31, 1.79, 0.31, 1.79]",0.3160869565217391,3.3571440618166806,">FAKKFAKKFKKFAKKFAKFAFAF
FAKKFAKKFKKFAKKFAKFAFAF",13330.seq,/data/AIpep/spiderData/13330.seq,"['C', 'H', 'H', 'H', 'H', 'H', 'H', 'H', 'H', 'H', 'H', 'H', 'H', 'H', 'H', 'H', 'H', 'H', 'H', 'H', 'H', 'H', 'C']",21,0.9130434782608695,0.0,0.08695652173913043,True
